Directory,File Name,Imports
app/assets,commandLineHandler.js,
app/assets,prefs.js,
chrome/content/scaffold,content.js,
chrome/content/scaffold,load.js,
chrome/content/scaffold,scaffold.js,
chrome/content/scaffold,scaffoldItemPreview.js,
chrome/content/scaffold,scaffoldItemPreviews.js,
chrome/content/scaffold,select.js,
chrome/content/scaffold/templates,newWeb.js,
chrome/content/scaffold/templates,scrapeBibTeX.js,
chrome/content/scaffold/templates,scrapeEM.js,
chrome/content/scaffold/templates,scrapeMARC.js,
chrome/content/scaffold/templates,scrapeRIS.js,
chrome/content/scaffold,translators.js,
chrome/content/zotero/ace,aceWrapper.js,
chrome/content/zotero/actors,actorUtils.mjs,setTimeout
chrome/content/zotero/actors/translation,http.js,
chrome/content/zotero/actors/translation,translate_item.js,
chrome/content/zotero,advancedSearch.js,ItemTree
chrome/content/zotero,advancedSearch.js,COLUMNS
chrome/content/zotero,attachLink.js,
chrome/content/zotero,bibliography.js,
chrome/content/zotero,browserWindowShim.js,
chrome/content/zotero,captcha.js,
chrome/content/zotero,charsetMenu.js,
chrome/content/zotero,collectionTree.jsx,
chrome/content/zotero,commonDialog.js,
chrome/content/zotero/components,annotation.jsx,
chrome/content/zotero/components,button.jsx,
chrome/content/zotero/components/createParent,createParent.jsx,
chrome/content/zotero/components,draggable.jsx,
chrome/content/zotero/components,editable.jsx,
chrome/content/zotero/components/editable,content.jsx,
chrome/content/zotero/components/form,input.jsx,
chrome/content/zotero/components/form,select.jsx,
chrome/content/zotero/components/form,textArea.jsx,
chrome/content/zotero/components,icons.jsx,
chrome/content/zotero/components,progressQueueTable.jsx,
chrome/content/zotero/components,search.jsx,
chrome/content/zotero/components,tabBar.jsx,
chrome/content/zotero/components,tagSelector.jsx,
chrome/content/zotero/components/tagSelector,tagSelectorList.jsx,
chrome/content/zotero/components,tooltip.js,
chrome/content/zotero/components,utils.js,
chrome/content/zotero/components,virtualized-table.jsx,
chrome/content/zotero/components,windowed-list.js,
chrome/content/zotero/containers,tagSelectorContainer.jsx,
chrome/content/zotero,contextMenuUtils.sys.mjs,
chrome/content/zotero,contextPane.js,
chrome/content/zotero,createParentDialog.js,ReactDOM
chrome/content/zotero,customElements.js,
chrome/content/zotero,dateOverrides.js,
chrome/content/zotero,debugViewer.js,
chrome/content/zotero,dictionaryManager.js,
chrome/content/zotero,editMenuOverlay.js,
chrome/content/zotero/elements,abstractBox.js,
chrome/content/zotero/elements,annotationRow.js,
chrome/content/zotero/elements,attachmentAnnotationsBox.js,
chrome/content/zotero/elements,attachmentBox.js,
chrome/content/zotero/elements,attachmentPreview.js,
chrome/content/zotero/elements,attachmentPreviewBox.js,
chrome/content/zotero/elements,attachmentRow.js,getCSSItemTypeIcon
chrome/content/zotero/elements,attachmentsBox.js,
chrome/content/zotero/elements,autocompleteTextArea.js,
chrome/content/zotero/elements,base.js,
chrome/content/zotero/elements,bubbleInput.js,
chrome/content/zotero/elements,collapsibleSection.js,
chrome/content/zotero/elements,colorPicker.js,
chrome/content/zotero/elements,contextNotesList.js,
chrome/content/zotero/elements,contextPane.js,
chrome/content/zotero/elements,duplicatesMergePane.js,
chrome/content/zotero/elements,editableText.js,
chrome/content/zotero/elements,guidancePanel.js,
chrome/content/zotero/elements,itemBox.js,
chrome/content/zotero/elements,itemDetails.js,
chrome/content/zotero/elements,itemMessagePane.js,
chrome/content/zotero/elements,itemPane.js,
chrome/content/zotero/elements,itemPaneHeader.js,
chrome/content/zotero/elements,itemPaneSection.js,
chrome/content/zotero/elements,itemPaneSidenav.js,
chrome/content/zotero/elements,itemTreeMenuBar.js,
chrome/content/zotero/elements,librariesCollectionsBox.js,getCSSIcon
chrome/content/zotero/elements,menulistItemTypes.js,
chrome/content/zotero/elements,mergeGroup.js,ReactDOM
chrome/content/zotero/elements,noteEditor.js,
chrome/content/zotero/elements,noteRow.js,getCSSItemTypeIcon
chrome/content/zotero/elements,notesBox.js,getCSSItemTypeIcon
chrome/content/zotero/elements,notesContext.js,
chrome/content/zotero/elements,publicationsLicenseInfo.js,
chrome/content/zotero/elements,quickSearchTextbox.js,
chrome/content/zotero/elements,relatedBox.js,getCSSItemTypeIcon
chrome/content/zotero/elements,richlistCheckbox.js,
chrome/content/zotero/elements,shadowAutocompleteInput.js,
chrome/content/zotero/elements,splitMenuButton.js,
chrome/content/zotero/elements,styleConfigurator.js,
chrome/content/zotero/elements,tagsBox.js,
chrome/content/zotero/elements,textLink.js,
chrome/content/zotero/elements,zoteroSearch.js,
chrome/content/zotero,exportOptions.js,
chrome/content/zotero,feedSettings.js,
chrome/content/zotero,fileInterface.js,ImportCitaviAnnotatons
chrome/content/zotero,hardConfirmationDialog.js,
chrome/content/zotero/import,citavi.js,
chrome/content/zotero/import,folderImport.js,
chrome/content/zotero/import,importWizard.js,
chrome/content/zotero/import/mendeley,authViewer.js,
chrome/content/zotero/import/mendeley,mendeleyAPIUtils.js,
chrome/content/zotero/import/mendeley,mendeleyImport.js,
chrome/content/zotero/import/mendeley,mendeleyOnlineMappings.js,
chrome/content/zotero/import/mendeley,mendeleySchemaMap.js,
chrome/content/zotero,include.js,
chrome/content/zotero/integration,addCitationDialog.js,
chrome/content/zotero/integration,citationDialog.js,
chrome/content/zotero/integration/citationDialog,helpers.mjs,
chrome/content/zotero/integration/citationDialog,keyboardHandler.mjs,
chrome/content/zotero/integration/citationDialog,popupHandler.mjs,
chrome/content/zotero/integration/citationDialog,searchHandler.mjs,
chrome/content/zotero/integration,citationExplorer.js,
chrome/content/zotero/integration,editBibliographyDialog.js,getCSSItemTypeIcon
chrome/content/zotero/integration,insertNoteDialog.js,
chrome/content/zotero/integration,progressBar.js,
chrome/content/zotero/integration,quickFormat.js,
chrome/content/zotero/integration,simpleEditor.js,
chrome/content/zotero,itemTree.jsx,
chrome/content/zotero,itemTreeColumns.jsx,
chrome/content/zotero,libraryTree.js,
chrome/content/zotero,locateManager.jsx,
chrome/content/zotero,locateMenu.js,
chrome/content/zotero,longTagFixer.js,
chrome/content/zotero,lookup.js,
chrome/content/zotero,menuAccessKey.js,
chrome/content/zotero,merge.js,
chrome/content/zotero/modules,commandLineOptions.mjs,
chrome/content/zotero/modules,filePicker.mjs,
chrome/content/zotero/modules,immutable.js,
chrome/content/zotero,newCollectionDialog.js,
chrome/content/zotero,note.js,
chrome/content/zotero,osfile.mjs,
chrome/content/zotero,platformKeys.js,
chrome/content/zotero/preferences,preferences.js,
chrome/content/zotero/preferences,preferences_advanced.js,
chrome/content/zotero/preferences,preferences_cite.jsx,
chrome/content/zotero/preferences,preferences_export.jsx,
chrome/content/zotero/preferences,preferences_file_renaming.js,
chrome/content/zotero/preferences,preferences_general.js,
chrome/content/zotero/preferences,preferences_sync.jsx,
chrome/content/zotero,progressQueueDialog.jsx,
chrome/content/zotero,proxy.js,
chrome/content/zotero,publicationsDialog.js,
chrome/content/zotero,reportInterface.js,
chrome/content/zotero,rtfScan.js,
chrome/content/zotero,runJS.js,
chrome/content/zotero,searchDialog.js,
chrome/content/zotero,selectItemsDialog.js,CollectionTree
chrome/content/zotero,selectItemsDialog.js,ItemTree
chrome/content/zotero/standalone,basicViewer.js,
chrome/content/zotero/standalone,standalone.js,
chrome/content/zotero,tabs.js,
chrome/content/zotero,tagColorChooser.js,
chrome/content/zotero/test,modtime.js,
chrome/content/zotero/test,test.js,
chrome/content/zotero,timelineInterface.js,
chrome/content/zotero,titlebar.js,
chrome/content/zotero/tools,build_typeSchemaData.js,
chrome/content/zotero/tools,csledit.js,
chrome/content/zotero/tools,cslpreview.js,
chrome/content/zotero/tools,data_generator.jsx,
chrome/content/zotero/update,update-header.js,
chrome/content/zotero/update,updates.js,
chrome/content/zotero/xpcom,annotations.js,
chrome/content/zotero/xpcom,api.js,
chrome/content/zotero/xpcom,attachments.js,
chrome/content/zotero/xpcom,browserDownload.js,
chrome/content/zotero/xpcom,cite.js,
chrome/content/zotero/xpcom,citeproc.js,
chrome/content/zotero/xpcom,citeprocRsBridge.js,
chrome/content/zotero/xpcom,collectionTreeRow.js,
chrome/content/zotero/xpcom,commandLineHandler.js,
chrome/content/zotero/xpcom/connector,httpIntegrationClient.js,
chrome/content/zotero/xpcom/connector,server_connector.js,
chrome/content/zotero/xpcom/connector,server_connectorIntegration.js,
chrome/content/zotero/xpcom,cookieSandbox.js,
chrome/content/zotero/xpcom/data,cachedTypes.js,
chrome/content/zotero/xpcom/data,collection.js,
chrome/content/zotero/xpcom/data,collections.js,
chrome/content/zotero/xpcom/data,creators.js,
chrome/content/zotero/xpcom/data,dataCache.js,
chrome/content/zotero/xpcom/data,dataObject.js,
chrome/content/zotero/xpcom/data,dataObjectUtilities.js,
chrome/content/zotero/xpcom/data,dataObjects.js,
chrome/content/zotero/xpcom/data,feed.js,
chrome/content/zotero/xpcom/data,feedItem.js,
chrome/content/zotero/xpcom/data,feedItems.js,
chrome/content/zotero/xpcom/data,feeds.js,
chrome/content/zotero/xpcom/data,group.js,
chrome/content/zotero/xpcom/data,groups.js,
chrome/content/zotero/xpcom/data,item.js,
chrome/content/zotero/xpcom/data,itemFields.js,
chrome/content/zotero/xpcom/data,items.js,
chrome/content/zotero/xpcom/data,libraries.js,
chrome/content/zotero/xpcom/data,library.js,
chrome/content/zotero/xpcom/data,notes.js,
chrome/content/zotero/xpcom/data,relations.js,
chrome/content/zotero/xpcom/data,search.js,
chrome/content/zotero/xpcom/data,searchConditions.js,
chrome/content/zotero/xpcom/data,searches.js,
chrome/content/zotero/xpcom/data,tags.js,
chrome/content/zotero/xpcom,dataDirectory.js,
chrome/content/zotero/xpcom,db.js,
chrome/content/zotero/xpcom,debug.js,
chrome/content/zotero/xpcom,dictionaries.js,
chrome/content/zotero/xpcom,dns_worker.js,
chrome/content/zotero/xpcom,duplicates.js,
chrome/content/zotero/xpcom,editorInstance.js,
chrome/content/zotero/xpcom,error.js,
chrome/content/zotero/xpcom,feedReader.js,
chrome/content/zotero/xpcom,file.js,
chrome/content/zotero/xpcom,fileDragDataProvider.js,
chrome/content/zotero/xpcom,fileHandlers.js,
chrome/content/zotero/xpcom,fulltext.js,
chrome/content/zotero/xpcom,history.js,
chrome/content/zotero/xpcom,http.js,
chrome/content/zotero/xpcom,id.js,
chrome/content/zotero/xpcom,integration.js,
chrome/content/zotero/xpcom,intl.js,
chrome/content/zotero/xpcom,ipc.js,
chrome/content/zotero/xpcom,isbn.js,
chrome/content/zotero/xpcom/localAPI,server_localAPI.js,
chrome/content/zotero/xpcom,locale.js,
chrome/content/zotero/xpcom,locateManager.js,
chrome/content/zotero/xpcom,mime.js,
chrome/content/zotero/xpcom,mimeTypeHandler.js,
chrome/content/zotero/xpcom,notifier.js,
chrome/content/zotero/xpcom/pdfWorker,manager.js,
chrome/content/zotero/xpcom/pluginAPI,itemPaneManager.js,
chrome/content/zotero/xpcom/pluginAPI,itemTreeManager.js,COLUMNS
chrome/content/zotero/xpcom/pluginAPI,pluginAPIBase.mjs,
chrome/content/zotero/xpcom,plugins.js,
chrome/content/zotero/xpcom,preferencePanes.js,
chrome/content/zotero/xpcom,prefs.js,
chrome/content/zotero/xpcom,profile.js,
chrome/content/zotero/xpcom,progressQueue.js,
chrome/content/zotero/xpcom,progressQueueDialog.js,
chrome/content/zotero/xpcom,progressWindow.js,
chrome/content/zotero/xpcom,prompt.js,
chrome/content/zotero/xpcom,proxy.js,
chrome/content/zotero/xpcom,quickCopy.js,
chrome/content/zotero/xpcom,reader.js,
chrome/content/zotero/xpcom,recognizeDocument.js,
chrome/content/zotero/xpcom,report.js,
chrome/content/zotero/xpcom,retractions.js,
chrome/content/zotero/xpcom,router.js,
chrome/content/zotero/xpcom,schema.js,
chrome/content/zotero/xpcom,server.js,
chrome/content/zotero/xpcom,server_integration.js,
chrome/content/zotero/xpcom,session.js,
chrome/content/zotero/xpcom,singlefile.js,
chrome/content/zotero/xpcom,standalone.js,
chrome/content/zotero/xpcom,storage.js,
chrome/content/zotero/xpcom/storage,storageEngine.js,
chrome/content/zotero/xpcom/storage,storageLocal.js,
chrome/content/zotero/xpcom/storage,storageRequest.js,
chrome/content/zotero/xpcom/storage,storageResult.js,
chrome/content/zotero/xpcom/storage,storageUtilities.js,
chrome/content/zotero/xpcom/storage,webdav.js,
chrome/content/zotero/xpcom/storage,zfs.js,
chrome/content/zotero/xpcom,streamer.js,
chrome/content/zotero/xpcom,style.js,
chrome/content/zotero/xpcom,sync.js,
chrome/content/zotero/xpcom/sync,syncAPIClient.js,
chrome/content/zotero/xpcom/sync,syncEngine.js,
chrome/content/zotero/xpcom/sync,syncEventListeners.js,
chrome/content/zotero/xpcom/sync,syncExceptions.js,
chrome/content/zotero/xpcom/sync,syncFullTextEngine.js,
chrome/content/zotero/xpcom/sync,syncLocal.js,
chrome/content/zotero/xpcom/sync,syncRunner.js,
chrome/content/zotero/xpcom/sync,syncUtilities.js,
chrome/content/zotero/xpcom,syncedSettings.js,
chrome/content/zotero/xpcom,timeline.js,
chrome/content/zotero/xpcom/translation,translate_firefox.js,
chrome/content/zotero/xpcom/translation,translate_item.js,
chrome/content/zotero/xpcom/translation,translators.js,
chrome/content/zotero/xpcom,uiProperties.js,
chrome/content/zotero/xpcom,uri.js,
chrome/content/zotero/xpcom,users.js,
chrome/content/zotero/xpcom,utilities_internal.js,
chrome/content/zotero/xpcom,zotero.js,
chrome/content/zotero,zotero-autocomplete.js,
chrome/content/zotero,zotero.mjs,
chrome/content/zotero,zoteroPane.js,
chrome/skin/default/zotero/timeline,bundle.js,
chrome/skin/default/zotero/timeline,timeline-api.js,
chrome/skin/default/zotero/timeline,timelineControls.js,
defaults/preferences,zotero.js,
,eslint.config.mjs,
js-build,babel-worker.js,
js-build,browserify.js,
js-build,build.js,
js-build,clean.js,
js-build,config.js,
js-build,copy.js,
js-build,ftl-to-json.mjs,ftlToJSON
js-build,ftl-to-json.mjs,fs
js-build,ftl-to-json.mjs,dirname
js-build,ftl-to-json.mjs,join
js-build,ftl-to-json.mjs,fileURLToPath
js-build,ftl-to-json.mjs,ftlFileBaseNames
js-build,ftl-to-json.mjs,onError
js-build,ftl-to-json.mjs,onProgress
js-build,ftl-to-json.mjs,onSuccess
js-build,js.js,
js-build,localize-ftl.mjs,ftlToJSON
js-build,localize-ftl.mjs,JSONToFtl
js-build,localize-ftl.mjs,fs
js-build,localize-ftl.mjs,dirname
js-build,localize-ftl.mjs,join
js-build,localize-ftl.mjs,fileURLToPath
js-build,localize-ftl.mjs,ftlFileBaseNames
js-build,localize-ftl.mjs,onError
js-build,localize-ftl.mjs,onProgress
js-build,localize-ftl.mjs,onSuccess
js-build,note-editor.js,
js-build,pdf-reader.js,
js-build,pdf-worker.js,
js-build,sass.js,
js-build,symlinks.js,
js-build,utils.js,
js-build,watch.js,
resource,bluebird.js,
resource,concurrentCaller.js,
resource,config.js,
resource,csl-validator.js,
resource,diff.js,
resource/feeds,FeedProcessor.js,
resource/feeds,SAXXMLReader.js,
resource,polyfill.js,
resource,require.js,
resource/tinymce/langs,ar.js,
resource/tinymce/langs,bg_BG.js,
resource/tinymce/langs,ca.js,
resource/tinymce/langs,cs_CZ.js,
resource/tinymce/langs,da.js,
resource/tinymce/langs,de.js,
resource/tinymce/langs,el.js,
resource/tinymce/langs,es.js,
resource/tinymce/langs,et.js,
resource/tinymce/langs,eu.js,
resource/tinymce/langs,fa_IR.js,
resource/tinymce/langs,fi.js,
resource/tinymce/langs,fr_FR.js,
resource/tinymce/langs,gl.js,
resource/tinymce/langs,he_IL.js,
resource/tinymce/langs,hr.js,
resource/tinymce/langs,hu_HU.js,
resource/tinymce/langs,id.js,
resource/tinymce/langs,is_IS.js,
resource/tinymce/langs,it.js,
resource/tinymce/langs,ja.js,
resource/tinymce/langs,km_KH.js,
resource/tinymce/langs,ko_KR.js,
resource/tinymce/langs,lt.js,
resource/tinymce/langs,nb_NO.js,
resource/tinymce/langs,nl.js,
resource/tinymce/langs,pl.js,
resource/tinymce/langs,pt_BR.js,
resource/tinymce/langs,pt_PT.js,
resource/tinymce/langs,ro.js,
resource/tinymce/langs,ru.js,
resource/tinymce/langs,sk.js,
resource/tinymce/langs,sl_SI.js,
resource/tinymce/langs,sv_SE.js,
resource/tinymce/langs,th_TH.js,
resource/tinymce/langs,tr_TR.js,
resource/tinymce/langs,uk.js,
resource/tinymce/langs,vi_VN.js,
resource/tinymce/langs,zh_CN.js,
resource/tinymce/langs,zh_TW.js,
resource/tinymce,locale.js,
resource/tinymce/plugins/autolink,plugin.min.js,
resource/tinymce/plugins/code,plugin.min.js,
resource/tinymce/plugins/contextmenu,plugin.min.js,
resource/tinymce/plugins/directionality,plugin.min.js,
resource/tinymce/plugins/link,plugin.min.js,
resource/tinymce/plugins/lists,plugin.min.js,
resource/tinymce/plugins/nonbreaking,plugin.min.js,
resource/tinymce/plugins/paste,plugin.min.js,
resource/tinymce/plugins/searchreplace,plugin.min.js,
resource/tinymce/plugins/textcolor,plugin.min.js,
resource/tinymce/themes/modern,theme.min.js,
resource/tinymce,tinymce.min.js,
resource,word-processor-plugin-installer.js,
test/components,zotero-unit.js,
test/content,runtests.js,
test/content,support.js,
test/resource,httpd.js,
test/resource,pako_inflate.js,
test/tests,HiddenBrowserTest.js,
test/tests,RemoteTranslateTest.js,
test/tests,advancedSearchTest.js,
test/tests,annotationsTest.js,
test/tests,attachmentsTest.js,
test/tests,bibliographyTest.js,
test/tests,browserDownloadTest.js,
test/tests,cachedTypesTest.js,
test/tests,citationDialogTest.js,
test/tests,citeTest.js,
test/tests,citeprocRsBridgeTest.js,
test/tests,collectionTest.js,
test/tests,collectionTreeRowTest.js,
test/tests,collectionTreeTest.js,
test/tests,collectionsTest.js,
test/tests,concurrentCallerTest.js,
test/tests,creatorsTest.js,
test/tests/data,Test Import Translator.js,
test/tests/data,allTypesAndFields.js,
test/tests/data,itemJSON.js,
test/tests/data,journalArticle.js,
test/tests/data,translatorExport.js,
test/tests/data,translatorExportLegacy.js,
test/tests,dataDirectoryTest.js,
test/tests,dataObjectTest.js,
test/tests,dataObjectUtilitiesTest.js,
test/tests,dataObjectsTest.js,
test/tests,dateTest.js,
test/tests,dbTest.js,
test/tests,debugTest.js,
test/tests,dictionariesTest.js,
test/tests,duplicatesTest.js,
test/tests,feedItemTest.js,
test/tests,feedItemsTest.js,
test/tests,feedReaderTest.js,
test/tests,feedTest.js,
test/tests,feedsTest.js,
test/tests,fileHandlersTest.js,
test/tests,fileInterfaceTest.js,
test/tests,fileTest.js,
test/tests,folderImportTest.js,
test/tests,fulltextTest.js,
test/tests,groupTest.js,
test/tests,groupsTest.js,
test/tests,httpTest.js,
test/tests,hyphenationTest.js,
test/tests,importExportTest.js,
test/tests,integrationTest.js,
test/tests,intlTest.js,
test/tests,itemFieldsTest.js,
test/tests,itemPaneTest.js,
test/tests,itemTest.js,
test/tests,itemTreeTest.js,
test/tests,itemsTest.js,
test/tests,librariesTest.js,
test/tests,libraryTest.js,
test/tests,libraryTreeTest.js,
test/tests,lookupTest.js,
test/tests,mendeleyImportTest.js,
test/tests,mimeTest.js,
test/tests,noteeditorTest.js,
test/tests,notifierTest.js,
test/tests,openurlTest.js,
test/tests,pluginAPITest.js,
test/tests,preferences_advancedTest.js,
test/tests,preferences_syncTest.js,
test/tests,profileTest.js,
test/tests,protocolHandlerTest.js,
test/tests,proxyTest.js,
test/tests,quickCopyTest.js,
test/tests,readerTest.js,
test/tests,recognizeDocumentTest.js,
test/tests,relatedboxTest.js,
test/tests,relationsTest.js,
test/tests,retractionsTest.js,
test/tests,schemaTest.js,
test/tests,searchTest.js,
test/tests,serverTest.js,
test/tests,server_connectorIntegrationTest.js,
test/tests,server_connectorTest.js,
test/tests,server_integrationTest.js,
test/tests,server_localAPITest.js,
test/tests,storageLocalTest.js,
test/tests,storageRequestTest.js,
test/tests,styleTest.js,
test/tests,supportTest.js,
test/tests,syncAPIClientTest.js,
test/tests,syncEngineTest.js,
test/tests,syncEventListenersTest.js,
test/tests,syncFullTextEngineTest.js,
test/tests,syncLocalTest.js,
test/tests,syncRunnerTest.js,
test/tests,syncedSettingsTest.js,
test/tests,tabsTest.js,
test/tests,tagSelectorTest.js,
test/tests,tagsTest.js,
test/tests,tagsboxTest.js,
test/tests,translateTest.js,
test/tests,translatorsTest.js,
test/tests,uriTest.js,
test/tests,utilitiesSubmoduleTest.js,
test/tests,utilities_internalTest.js,
test/tests,webdavTest.js,
test/tests,zfsTest.js,
test/tests,zoteroPaneTest.js,
test/tests,zoteroTest.js,
