,File Type,Directory,File Name,Functions,Imports
15,Javascript,app/assets,commandLineHandler.js,[],[]
18,Javascript,app/assets,prefs.js,[],[]
317,Javascript,chrome/content/scaffold,content.js,['onLoad'],[]
318,Javascript,chrome/content/scaffold,load.js,[],[]
321,Javascript,chrome/content/scaffold,scaffold.js,"['_getMetadataObject', '_getCode', '_run', '_testTargetRegex', '_selectItems', '_error', '_debug', '_myItemDone', '_myExportDone', '_getTranslatorsHandler', '_logOutput', '_getImport', '_getExport', '_getSearch', '_getInput', '_metaToTranslator', '_getTranslatorFromPane', '_splitTranslator', '_loadTestsFromPane', '_writeToEditor', '_writeTestsToPane', '_confirmCreateExpectedFailTest', '_sanitizeItemsInTest', '_stringifyTests', 'processRow', 'wrapWithHBox', 'TestUpdater', 'normalizeWhitespace', '_clearOutput', '_generateGUID', '_getCurrentURI', '_findTestObjectTops', 'getDefaultESLintPath', 'getESLintPath', 'runESLint', 'eslintOutputToModelMarkers', 'getTestLabel', '_showTab', '_getActiveEditorName', '_getGitBranchName', '_updateTitle']",[]
323,Javascript,chrome/content/scaffold,scaffoldItemPreview.js,[],[]
324,Javascript,chrome/content/scaffold,scaffoldItemPreviews.js,[],[]
325,Javascript,chrome/content/scaffold,select.js,['Zotero_Ingester_Interface_SelectItems'],[]
327,Javascript,chrome/content/scaffold/templates,newWeb.js,"['detectWeb', 'getSearchResults', 'doWeb', 'scrape']",[]
328,Javascript,chrome/content/scaffold/templates,scrapeBibTeX.js,['scrape'],[]
329,Javascript,chrome/content/scaffold/templates,scrapeEM.js,['scrape'],[]
330,Javascript,chrome/content/scaffold/templates,scrapeMARC.js,['scrape'],[]
331,Javascript,chrome/content/scaffold/templates,scrapeRIS.js,['scrape'],[]
332,Javascript,chrome/content/scaffold,translators.js,[],[]
368,Javascript,chrome/content/zotero/ace,aceWrapper.js,[],[]
385,Javascript,chrome/content/zotero/actors,actorUtils.mjs,"['documentIsReady', 'readyEnough', 'onChange']",['setTimeout']
386,Javascript,chrome/content/zotero/actors/translation,http.js,[],[]
387,Javascript,chrome/content/zotero/actors/translation,translate_item.js,[],[]
388,Javascript,chrome/content/zotero,advancedSearch.js,"['onLoad', 'search', 'clear', 'onItemActivate']","['ItemTree', 'COLUMNS']"
390,Javascript,chrome/content/zotero,attachLink.js,['getAttachFileLabel'],[]
392,Javascript,chrome/content/zotero,bibliography.js,[],[]
394,Javascript,chrome/content/zotero,browserWindowShim.js,[],[]
395,Javascript,chrome/content/zotero,captcha.js,[],[]
397,Javascript,chrome/content/zotero,charsetMenu.js,['populate'],[]
398,Javascript,chrome/content/zotero,collectionTree.jsx,[],[]
399,Javascript,chrome/content/zotero,commonDialog.js,[],[]
400,Javascript,chrome/content/zotero/components,annotation.jsx,[],[]
401,Javascript,chrome/content/zotero/components,button.jsx,[],[]
402,Javascript,chrome/content/zotero/components/createParent,createParent.jsx,[],[]
403,Javascript,chrome/content/zotero/components,draggable.jsx,[],[]
404,Javascript,chrome/content/zotero/components,editable.jsx,[],[]
405,Javascript,chrome/content/zotero/components/editable,content.jsx,[],[]
406,Javascript,chrome/content/zotero/components/form,input.jsx,[],[]
407,Javascript,chrome/content/zotero/components/form,select.jsx,[],[]
408,Javascript,chrome/content/zotero/components/form,textArea.jsx,[],[]
409,Javascript,chrome/content/zotero/components,icons.jsx,[],[]
410,Javascript,chrome/content/zotero/components,progressQueueTable.jsx,[],[]
411,Javascript,chrome/content/zotero/components,search.jsx,[],[]
412,Javascript,chrome/content/zotero/components,tabBar.jsx,[],[]
413,Javascript,chrome/content/zotero/components,tagSelector.jsx,[],[]
414,Javascript,chrome/content/zotero/components/tagSelector,tagSelectorList.jsx,[],[]
415,Javascript,chrome/content/zotero/components,tooltip.js,"['handleMouseDown', 'handleMouseMove', 'handleMouseStop', 'hidePopup']",[]
416,Javascript,chrome/content/zotero/components,utils.js,"['noop', 'getDragTargetOrient', 'createDragHandler', 'onKeyDown', 'onDragStart', 'onDragStop', 'nextHTMLID', 'scrollIntoViewIfNeeded', 'stopPropagation', 'omit', 'pick']",[]
417,Javascript,chrome/content/zotero/components,virtualized-table.jsx,[],[]
418,Javascript,chrome/content/zotero/components,windowed-list.js,[],[]
419,Javascript,chrome/content/zotero/containers,tagSelectorContainer.jsx,[],[]
420,Javascript,chrome/content/zotero,contextMenuUtils.sys.mjs,"['getTargetElement', 'getContextMenuPosition', 'createContextMenuEvent']",[]
421,Javascript,chrome/content/zotero,contextPane.js,"['_updateAddToNote', '_updatePaneWidth', '_isStacked', '_update', '_isLibraryReadOnly', '_togglePane']",[]
422,Javascript,chrome/content/zotero,createParentDialog.js,"['toggleAccept', 'doLoad', 'doUnload', 'doAccept', 'doManualEntry']",['ReactDOM']
424,Javascript,chrome/content/zotero,customElements.js,['commandCallback'],[]
425,Javascript,chrome/content/zotero,dateOverrides.js,[],[]
427,Javascript,chrome/content/zotero,debugViewer.js,"['start', 'stop', 'updateErrors', 'addInitialOutput', 'addLine', 'atPageBottom', 'scrollToPageBottom', 'submit', 'showSubmitResult', 'copyIDToClipboard', 'showSubmitError', 'clearSubmitStatus', 'clearOutput']",[]
428,Javascript,chrome/content/zotero,dictionaryManager.js,['_updateStatus'],[]
430,Javascript,chrome/content/zotero,editMenuOverlay.js,"['goUpdateGlobalEditMenuItems', 'goUpdateUndoEditMenuItems', 'goUpdatePasteMenuItems', 'goBuildEditContextMenu']",[]
431,Javascript,chrome/content/zotero/elements,abstractBox.js,[],[]
432,Javascript,chrome/content/zotero/elements,annotationRow.js,[],[]
433,Javascript,chrome/content/zotero/elements,attachmentAnnotationsBox.js,[],[]
434,Javascript,chrome/content/zotero/elements,attachmentBox.js,['getExtension'],[]
435,Javascript,chrome/content/zotero/elements,attachmentPreview.js,[],[]
436,Javascript,chrome/content/zotero/elements,attachmentPreviewBox.js,[],[]
437,Javascript,chrome/content/zotero/elements,attachmentRow.js,[],['getCSSItemTypeIcon']
438,Javascript,chrome/content/zotero/elements,attachmentsBox.js,[],[]
439,Javascript,chrome/content/zotero/elements,autocompleteTextArea.js,[],[]
440,Javascript,chrome/content/zotero/elements,base.js,[],[]
441,Javascript,chrome/content/zotero/elements,bubbleInput.js,['isClickAfterBubble'],[]
442,Javascript,chrome/content/zotero/elements,collapsibleSection.js,['stopEvent'],[]
443,Javascript,chrome/content/zotero/elements,colorPicker.js,[],[]
444,Javascript,chrome/content/zotero/elements,contextNotesList.js,[],[]
445,Javascript,chrome/content/zotero/elements,contextPane.js,[],[]
446,Javascript,chrome/content/zotero/elements,duplicatesMergePane.js,[],[]
447,Javascript,chrome/content/zotero/elements,editableText.js,[],[]
448,Javascript,chrome/content/zotero/elements,guidancePanel.js,"['listener', 'f', 'listener']",[]
449,Javascript,chrome/content/zotero/elements,itemBox.js,"['triggerPopup', 'removeHoverBlock', 'triggerPopup']",[]
450,Javascript,chrome/content/zotero/elements,itemDetails.js,"['waitFrame', 'waitFrames', 'waitDOMUpdate', 'waitNoLongerThan', 'checkScrollStart', 'checkScrollEnd', 'stopEvent']",[]
451,Javascript,chrome/content/zotero/elements,itemMessagePane.js,['append'],[]
452,Javascript,chrome/content/zotero/elements,itemPane.js,[],[]
453,Javascript,chrome/content/zotero/elements,itemPaneHeader.js,['append'],[]
454,Javascript,chrome/content/zotero/elements,itemPaneSection.js,['listener'],[]
455,Javascript,chrome/content/zotero/elements,itemPaneSidenav.js,[],[]
456,Javascript,chrome/content/zotero/elements,itemTreeMenuBar.js,[],[]
457,Javascript,chrome/content/zotero/elements,librariesCollectionsBox.js,[],['getCSSIcon']
458,Javascript,chrome/content/zotero/elements,menulistItemTypes.js,[],[]
459,Javascript,chrome/content/zotero/elements,mergeGroup.js,[],['ReactDOM']
460,Javascript,chrome/content/zotero/elements,noteEditor.js,['append'],[]
461,Javascript,chrome/content/zotero/elements,noteRow.js,[],['getCSSItemTypeIcon']
462,Javascript,chrome/content/zotero/elements,notesBox.js,[],['getCSSItemTypeIcon']
463,Javascript,chrome/content/zotero/elements,notesContext.js,['handleCommand'],[]
464,Javascript,chrome/content/zotero/elements,publicationsLicenseInfo.js,"['getLicenseData', 'makeLicenseInfo', 'makeLicenseMoreInfo']",[]
465,Javascript,chrome/content/zotero/elements,quickSearchTextbox.js,[],[]
466,Javascript,chrome/content/zotero/elements,relatedBox.js,['getTitle'],['getCSSItemTypeIcon']
467,Javascript,chrome/content/zotero/elements,richlistCheckbox.js,[],[]
468,Javascript,chrome/content/zotero/elements,shadowAutocompleteInput.js,['activeElement'],[]
469,Javascript,chrome/content/zotero/elements,splitMenuButton.js,['newListener'],[]
470,Javascript,chrome/content/zotero/elements,styleConfigurator.js,[],[]
471,Javascript,chrome/content/zotero/elements,tagsBox.js,[],[]
472,Javascript,chrome/content/zotero/elements,textLink.js,[],[]
473,Javascript,chrome/content/zotero/elements,zoteroSearch.js,[],[]
475,Javascript,chrome/content/zotero,exportOptions.js,"['accept', 'cancel']",[]
477,Javascript,chrome/content/zotero,feedSettings.js,['cleanURL'],[]
479,Javascript,chrome/content/zotero,fileInterface.js,"['Zotero_File_Exporter', '_exportDone', 'exportCollection', 'exportItems', 'exportItemsToClipboard', '_translate', '_getMendeleyTranslation', 'bibliographyFromItems', '_doBibliographyOptions', '_saveBibliography', 'show', 'close']",['ImportCitaviAnnotatons']
480,Javascript,chrome/content/zotero,hardConfirmationDialog.js,[],[]
482,Javascript,chrome/content/zotero/import,citavi.js,"['parseCitavi5Quads', 'ImportCitaviAnnotatons', 'xpathTextOrNull']",[]
483,Javascript,chrome/content/zotero/import,folderImport.js,"['simpleGlobMatch', 'collectFilesRecursive', 'findCollection', 'findItemByHash', 'processRecognizedItem']",[]
484,Javascript,chrome/content/zotero/import,importWizard.js,[],[]
486,Javascript,chrome/content/zotero/import/mendeley,authViewer.js,"['tryExtractAuthCode', 'clearCookies']",[]
487,Javascript,chrome/content/zotero/import/mendeley,mendeleyAPIUtils.js,"['getTokens', 'directAuth', 'codeAuth', 'refreshAuth', 'getNextLinkFromResponse', 'apiFetchUrl', 'apiFetch', 'get', 'getAll', 'obtainReferenceManagerToken', 'obtainReferenceManagerTokenWithRetry']",[]
488,Javascript,chrome/content/zotero/import/mendeley,mendeleyImport.js,['Zotero_Import_Mendeley'],[]
489,Javascript,chrome/content/zotero/import/mendeley,mendeleyOnlineMappings.js,[],[]
490,Javascript,chrome/content/zotero/import/mendeley,mendeleySchemaMap.js,[],[]
491,Javascript,chrome/content/zotero,include.js,[],[]
492,Javascript,chrome/content/zotero/integration,addCitationDialog.js,"['toggleMultipleSources', 'treeItemSelected', 'listItemSelected', '_configListPosition', '_move', 'up', 'down', 'remove', 'setSortToggle', 'confirmRegenerate', 'toggleEditor', 'accept', 'cancel', '_updatePreview', '_updateAccept', '_itemSelected', '_getCitation', '_addItem', '_clearCitationList', '_showItemInLibrary', 'onOpen']",['getCSSItemTypeIcon']
494,Javascript,chrome/content/zotero/integration,citationDialog.js,"['onLoad', 'accept', 'cancel', 'onUnload', 'cleanupBeforeDialogClosing', 'dialogNotPristine', '_id']",[]
496,Javascript,chrome/content/zotero/integration/citationDialog,helpers.mjs,"['wrapTextInSpan', 'addPeriodIfNeeded']",[]
497,Javascript,chrome/content/zotero/integration/citationDialog,keyboardHandler.mjs,[],[]
498,Javascript,chrome/content/zotero/integration/citationDialog,popupHandler.mjs,[],[]
499,Javascript,chrome/content/zotero/integration/citationDialog,searchHandler.mjs,['removeItemsIncludedInCitation'],[]
500,Javascript,chrome/content/zotero/integration,citationExplorer.js,[],[]
502,Javascript,chrome/content/zotero/integration,editBibliographyDialog.js,"['_getSelectedListItemIDs', '_updateRevertButtonStatus', '_updatePreview', '_loadItems']",['getCSSItemTypeIcon']
504,Javascript,chrome/content/zotero/integration,insertNoteDialog.js,[],[]
507,Javascript,chrome/content/zotero/integration,progressBar.js,['_onProgress'],[]
509,Javascript,chrome/content/zotero/integration,quickFormat.js,"['clearLastFocused', 'addInputToTheEnd', 'refocusInput', '_createInputField', '_combineNeighboringInputs', '_updateLocator', '_getMatchingCitedItems', '_getMatchingReaderOpenItems', '_getMatchingLibraryItems', '_itemSort', '_noteSort', '_updateItemList', '_buildItemDescription', '_buildListItem', '_buildListSeparator', '_buildBubbleString', '_insertBubble', 'getAllBubbles', '_deleteBubble', '_clearEntryList', '_selectFirstReference', '_selectItem', '_ignoreClick', '_resizeEditor', '_resizeWindow', '_resizeReferencePanel', 'lockEditorHeight', '_openReferencePanel', '_clearCitation', '_showCitation', '_updateCitationObject', '_showItemPopover', '_onProgress', 'moveFocusForward', 'moveFocusBack', '_getEditorContent', '_getCurrentInput', 'getContentWidth', 'isKeypressPrintable', 'isInputEmpty', 'isInput', 'isCursorAtInputStart', 'isCursorAtInputEnd', 'isEditorCleared', '_resetSearchTimer', 'getLastBubbleBeforePoint', 'isClickAfterBubble', '_onQuickSearchClick', 'handleItemSelection', 'selectNext', 'onInputPress', 'onBubblePress', 'findNextBubble', '_onBubbleDrag', '_onEditorDragOver', 'onBubbleDragEnd', '_getBubbleIndex', '_onBubbleClick', '_onPaste', 'stopEvent', 'Resizer']",[]
512,Javascript,chrome/content/zotero/integration,simpleEditor.js,"['addEventListener', 'appendChild', 'createElement', 'queryCommandState', 'queryCommandValue', 'exec', 'init', 'handler', 'longestFirst', 'normalizeRegExpString', 'composeRex', 'splitRexMaker', 'openSniffRexMaker', 'openTagRemapMaker', 'closeTagRexMaker', 'tagRegistryMaker']",[]
513,Javascript,chrome/content/zotero,itemTree.jsx,[],[]
514,Javascript,chrome/content/zotero,itemTreeColumns.jsx,[],[]
515,Javascript,chrome/content/zotero,libraryTree.js,[],[]
517,Javascript,chrome/content/zotero,locateManager.jsx,[],[]
519,Javascript,chrome/content/zotero,locateMenu.js,"['_addViewOption', '_addViewOptions', '_getAvailableLocateEngines', '_createMenuItem', '_getInstallableLocateEngines', '_addLocateEngine', '_openLocateEngineManager', '_getSelectedItems', 'ViewAttachment']",[]
520,Javascript,chrome/content/zotero,longTagFixer.js,[],[]
522,Javascript,chrome/content/zotero,lookup.js,[],[]
523,Javascript,chrome/content/zotero,menuAccessKey.js,"['init', 'setAccessKeysHidden', 'observeMenuActive', 'tryHideAccessKeys']",[]
524,Javascript,chrome/content/zotero,merge.js,"['_updateGroup', '_getCurrentMergeInfo', '_getMergeInfo', '_getMergeDataWithSide', '_updateResolveAllCheckbox', '_isLastConflict', '_showNextButton', '_showFinishButton', '_setInstructionsString', '_error']",[]
526,Javascript,chrome/content/zotero/modules,commandLineOptions.mjs,[],[]
527,Javascript,chrome/content/zotero/modules,filePicker.mjs,[],[]
528,Javascript,chrome/content/zotero/modules,immutable.js,"['removeKeys', 'pickKeys']",[]
529,Javascript,chrome/content/zotero,newCollectionDialog.js,[],[]
531,Javascript,chrome/content/zotero,note.js,"['showInLibrary', 'onLoad', 'onUnload']",[]
533,Javascript,chrome/content/zotero,osfile.mjs,"['init', 'getEntry', 'winGetDrive', 'winIsAbsolute', 'wrapWrite']",[]
534,Javascript,chrome/content/zotero,platformKeys.js,[],[]
536,Javascript,chrome/content/zotero/preferences,preferences.js,"['rest', 'attachToPreference', 'syncToPref', 'detachFromPreference']",[]
538,Javascript,chrome/content/zotero/preferences,preferences_advanced.js,[],[]
540,Javascript,chrome/content/zotero/preferences,preferences_cite.jsx,[],[]
542,Javascript,chrome/content/zotero/preferences,preferences_export.jsx,[],[]
544,Javascript,chrome/content/zotero/preferences,preferences_file_renaming.js,[],[]
546,Javascript,chrome/content/zotero/preferences,preferences_general.js,"['updateUI', 'update']",[]
548,Javascript,chrome/content/zotero/preferences,preferences_sync.jsx,[],[]
552,Javascript,chrome/content/zotero,progressQueueDialog.jsx,[],[]
555,Javascript,chrome/content/zotero,proxy.js,['_updateRemaining'],[]
557,Javascript,chrome/content/zotero,publicationsDialog.js,['getLicense'],[]
560,Javascript,chrome/content/zotero,reportInterface.js,[],[]
561,Javascript,chrome/content/zotero,rtfScan.js,[],[]
564,Javascript,chrome/content/zotero,runJS.js,"['update', 'run', 'openHelp', 'handleInput']",[]
565,Javascript,chrome/content/zotero,searchDialog.js,"['doLoad', 'doUnload', 'doAccept']",[]
567,Javascript,chrome/content/zotero,selectItemsDialog.js,"['doLoad', 'doUnload', 'onCollectionSelected', 'onSearch', 'doAccept']","['CollectionTree', 'ItemTree']"
569,Javascript,chrome/content/zotero/standalone,basicViewer.js,['loadURI'],[]
572,Javascript,chrome/content/zotero/standalone,standalone.js,"['decreaseFontSize', 'increaseFontSize', 'toJavaScriptConsole', 'openRunJSWindow', 'openStyleEditor', 'openScaffold', 'openWindowByType', 'openUILinkIn']",[]
574,Javascript,chrome/content/zotero,tabs.js,[],[]
575,Javascript,chrome/content/zotero,tagColorChooser.js,[],[]
577,Javascript,chrome/content/zotero/test,modtime.js,[],[]
579,Javascript,chrome/content/zotero/test,test.js,[],[]
581,Javascript,chrome/content/zotero,timelineInterface.js,[],[]
582,Javascript,chrome/content/zotero,titlebar.js,"['onWindowClick', 'openWindowMenu', 'getX', 'getY']",[]
584,Javascript,chrome/content/zotero/tools,build_typeSchemaData.js,[],[]
585,Javascript,chrome/content/zotero/tools,csledit.js,"['init', 'loadCSL']",[]
587,Javascript,chrome/content/zotero/tools,cslpreview.js,[],[]
590,Javascript,chrome/content/zotero/tools,data_generator.jsx,[],[]
591,Javascript,chrome/content/zotero/update,update-header.js,[],[]
593,Javascript,chrome/content/zotero/update,updates.js,"['LOG', 'openUpdateURL', 'makeAbortable', 'abortAllPromises', 'setCurrentPage']",[]
597,Javascript,chrome/content/zotero/xpcom,annotations.js,[],[]
598,Javascript,chrome/content/zotero/xpcom,api.js,[],[]
599,Javascript,chrome/content/zotero/xpcom,attachments.js,"['nativeHandlerImport', 'process', '_enforceFileType', 'getDomainInfo', 'urlToDomain', '_getTitleFromVersion', 'normalizeURL', 'isTriedURL', 'addTriedURL', 'beforeRequest', 'afterRequest', 'handleRequestError', 'getSlicedCreatorsOfType', 'common', 'initializeFn', 'transformName', 'commonCreators', 'year', 'itemType', 'firstCreator', 'attachmentTitleFn', '_addToDB', '_postProcessFile']",[]
600,Javascript,chrome/content/zotero/xpcom,browserDownload.js,[],[]
601,Javascript,chrome/content/zotero/xpcom,cite.js,"['init', 'loadAbbreviations', 'normalizeKey', 'lookupKey']",[]
602,Javascript,chrome/content/zotero/xpcom,citeproc.js,"['_listifyString', '_decodeHtmlEntities', '_getAttributes', '_getAttribute', '_getTagName', '_castObjectFromOpeningTag', '_extractTextFromCompositeElement', '_appendToChildren', '_extendStackWithNewChildren', 'processElement', 'stripPunct', 'getBracketPreSort', 'sortCompare', 'record', 'makeRegExp', 'runStart', 'runEnd', 'runSingle', 'buildStyle', 'blobIsNumber', 'blobEndsInNumber', 'blobHasDecorations', 'blobHasDescendantQuotes', 'blobHasDescendantMergingPunctuation', 'matchLastChar', 'mergeChars', 'cullRight', 'cullLeft', 'addRight', 'addLeft', 'matchOnRight', 'matchOnLeft', 'mergeToRight', 'mergeToLeft', 'upward', 'leftward', 'downward', 'swapToTheLeft', 'swapToTheRight', 'fix', 'eval_string', 'eval_list', 'eval_spec', 'extendLocaleList', 'sniffLocaleOnOneNodeName', 'func', 'func', 'formatAndStrip', 'func', 'func', 'func', 'setSuffix', 'func', 'func', 'func', 'func', 'hasJoiningPunctuation', 'func', 'func', 'func', 'func', 'func', 'maketest', 'maketest', 'maketest', 'testSubsequentNear', 'testSubsequentNotNear', 'maketest', 'maketest', 'maketest', 'maketest', 'maketest', 'maketests', 'maketests', 'func', 'maketest', 'maketest', 'maketest', 'func', 'func', 'maketest', 'maketest', 'maketest', 'maketest', 'maketest', 'maketest', 'maketest', 'maketest', 'func', 'getCountryOrJurisdiction', 'abbreviate', 'getFieldLocale', 'getTextSubField', 'loadAbbreviation', 'publisherCheck', 'citeFormCheck', 'quashCheck', 'getOutputFunction', 'normalizeFieldValue', 'composeNumberInfo', 'fixupSubsections', 'parseString', 'setSpaces', 'fixNumericAndCount', 'fixLabelVisibility', 'setPluralsAndNumerics', 'stripHyphenBackslash', 'setStyling', 'checkTerm', 'checkPage', 'fixupRangeDelimiter', 'manglePageNumbers', 'fixRanges', 'setVariableParams', 'sniff', '_setOuterQuoteForm', '_getNestingOpenerParams', '_tryOpen', '_tryClose', '_pushNestingState', '_doppelString', 'TagReg', '_apostropheForce', '_undoppelToQueue', 'Stack', '_capitalise', '_textcaseEngine', 'tryOpen', 'tryClose', 'pushQuoteState', 'quoteFix', 'passthrough', 'lowercase', 'uppercase', 'sentence', 'title', 'capitalizeFirst', 'capitalizeAll', 'splitParticles', 'trimLast', 'parseSuffix']",[]
603,Javascript,chrome/content/zotero/xpcom,citeprocRsBridge.js,[],[]
604,Javascript,chrome/content/zotero/xpcom,collectionTreeRow.js,[],[]
605,Javascript,chrome/content/zotero/xpcom,commandLineHandler.js,[],[]
606,Javascript,chrome/content/zotero/xpcom/connector,httpIntegrationClient.js,['sendCommand'],[]
607,Javascript,chrome/content/zotero/xpcom/connector,server_connector.js,['sendResponseCallback'],[]
608,Javascript,chrome/content/zotero/xpcom/connector,server_connectorIntegration.js,[],[]
609,Javascript,chrome/content/zotero/xpcom,cookieSandbox.js,[],[]
610,Javascript,chrome/content/zotero/xpcom/data,cachedTypes.js,['isValidForItemType'],[]
611,Javascript,chrome/content/zotero/xpcom/data,collection.js,[],[]
612,Javascript,chrome/content/zotero/xpcom/data,collections.js,[],[]
613,Javascript,chrome/content/zotero/xpcom/data,creators.js,[],[]
614,Javascript,chrome/content/zotero/xpcom/data,dataCache.js,[],[]
615,Javascript,chrome/content/zotero/xpcom/data,dataObject.js,['sortFunc'],[]
616,Javascript,chrome/content/zotero/xpcom/data,dataObjectUtilities.js,[],[]
617,Javascript,chrome/content/zotero/xpcom/data,dataObjects.js,['addRel'],[]
618,Javascript,chrome/content/zotero/xpcom/data,feed.js,[],[]
619,Javascript,chrome/content/zotero/xpcom/data,feedItem.js,['error'],[]
620,Javascript,chrome/content/zotero/xpcom/data,feedItems.js,[],[]
621,Javascript,chrome/content/zotero/xpcom/data,feeds.js,[],[]
622,Javascript,chrome/content/zotero/xpcom/data,group.js,[],[]
623,Javascript,chrome/content/zotero/xpcom/data,groups.js,[],[]
624,Javascript,chrome/content/zotero/xpcom/data,item.js,"['sorter', 'getFileSize', 'log']",[]
625,Javascript,chrome/content/zotero/xpcom/data,itemFields.js,"['getID', 'getName', 'isValidForType', 'isInteger', 'getItemTypeFields', 'isBaseField', 'isFieldOfBase', 'getFieldIDFromTypeAndBase', 'getBaseIDFromTypeAndField', 'getTypeFieldsFromBase', '_fieldCheck']",[]
626,Javascript,chrome/content/zotero/xpcom/data,items.js,"['fixIncorrectIndexes', 'onRow', 'doMerge', 'logAndBeSafe', '_getFirstCreatorSQL', '_getSortCreatorSQL']",[]
627,Javascript,chrome/content/zotero/xpcom/data,libraries.js,[],[]
628,Javascript,chrome/content/zotero/xpcom/data,library.js,[],[]
629,Javascript,chrome/content/zotero/xpcom/data,notes.js,"['resolvePromise', 'pullItemData']",[]
630,Javascript,chrome/content/zotero/xpcom/data,relations.js,[],[]
631,Javascript,chrome/content/zotero/xpcom/data,search.js,[],[]
632,Javascript,chrome/content/zotero/xpcom/data,searchConditions.js,"['get', 'getStandardConditions', 'hasOperator', 'getLocalizedName', 'parseSearchString', 'parseCondition']",[]
633,Javascript,chrome/content/zotero/xpcom/data,searches.js,[],[]
634,Javascript,chrome/content/zotero/xpcom/data,tags.js,['_canvasRoundRect'],[]
635,Javascript,chrome/content/zotero/xpcom,dataDirectory.js,['addError'],[]
636,Javascript,chrome/content/zotero/xpcom,db.js,[],[]
637,Javascript,chrome/content/zotero/xpcom,debug.js,[],[]
638,Javascript,chrome/content/zotero/xpcom,dictionaries.js,['_loadDirectory'],[]
639,Javascript,chrome/content/zotero/xpcom,dns_worker.js,"['getIPForLookup', 'isLocalIP', 'skipName', 'reverseLookup']",[]
640,Javascript,chrome/content/zotero/xpcom,duplicates.js,"['normalizeString', 'sortByValue', 'processRows']",[]
641,Javascript,chrome/content/zotero/xpcom,editorInstance.js,"['fillWithItemData', 'appendItems', 'CI', 'getFormatter', 'walkFormat']",[]
642,Javascript,chrome/content/zotero/xpcom,error.js,[],[]
643,Javascript,chrome/content/zotero/xpcom,feedReader.js,['iterator'],[]
644,Javascript,chrome/content/zotero/xpcom,file.js,"['getExtension', 'getContentsFromURL', 'getContentsFromURLAsync', 'putContents', 'checkError', 'addError', 'getValidFileName', 'truncateFileName']",[]
645,Javascript,chrome/content/zotero/xpcom,fileDragDataProvider.js,[],[]
646,Javascript,chrome/content/zotero/xpcom,fileHandlers.js,[],[]
647,Javascript,chrome/content/zotero/xpcom,fulltext.js,"['getClass', '_processNextItem', 'findTextInString', 'getChars', 'setPages', 'setChars', 'getPageData', '_getScriptExtension']",[]
648,Javascript,chrome/content/zotero/xpcom,history.js,"['begin', 'setAssociatedID', 'add', 'modify', 'remove', 'commit', 'cancel', 'getPreviousEvent', 'getNextEvent', 'undo', 'redo', 'clear', 'clearAfter', '_addTransaction', '_do', '_parseContext', '_contextToSQLFrom', '_contextToSQLWhere', '_getSetData', '_reloadAndNotify']",[]
649,Javascript,chrome/content/zotero/xpcom,http.js,"['clearConnectTimer', 'resetInactivityTimer', 'wrapNotificationCallbacks', '_stateChange', '_checkConnection', '_checkRetry']",[]
650,Javascript,chrome/content/zotero/xpcom,id.js,"['_getTableColumn', '_getNext']",[]
651,Javascript,chrome/content/zotero/xpcom,integration.js,"['listener', 'dealWithRetracted', 'unserialize', 'upgradeCruft', 'unserializePreZotero1_0']",[]
652,Javascript,chrome/content/zotero/xpcom,intl.js,"['getIntlProp', 'setOrClearIntlPref', 'getLocaleCollation']",[]
653,Javascript,chrome/content/zotero/xpcom,ipc.js,[],[]
654,Javascript,chrome/content/zotero/xpcom,isbn.js,[],[]
655,Javascript,chrome/content/zotero/xpcom/localAPI,server_localAPI.js,"['buildURL', 'toResponseJSON', 'citeprocToHTML', 'exportItems', 'evaluateSearchSyntax']",[]
656,Javascript,chrome/content/zotero/xpcom,locale.js,[],[]
657,Javascript,chrome/content/zotero/xpcom,locateManager.js,"['_getLocateFile', '_getLocateDirectory', '_getDefaultFile', '_serializeLocateEngines', '_watchLocateEngineProperties', '_lookupParam', 'LocateSubmission', 'LocateEngine']",[]
658,Javascript,chrome/content/zotero/xpcom,mime.js,"['isTextType', 'getPrimaryExtension', 'sniffForBinary', 'hasNativeHandler', '_isTextCharacter']",[]
659,Javascript,chrome/content/zotero/xpcom,mimeTypeHandler.js,['_StreamListener'],[]
660,Javascript,chrome/content/zotero/xpcom,notifier.js,"['_mergeEvent', '_logTrigger', '_getObserverOrder', '_countObserversForType', 'getSorter']",[]
661,Javascript,chrome/content/zotero/xpcom/pdfWorker,manager.js,[],[]
662,Javascript,chrome/content/zotero/xpcom/pluginAPI,itemPaneManager.js,[],[]
663,Javascript,chrome/content/zotero/xpcom/pluginAPI,itemTreeManager.js,[],['COLUMNS']
664,Javascript,chrome/content/zotero/xpcom/pluginAPI,pluginAPIBase.mjs,[],[]
665,Javascript,chrome/content/zotero/xpcom,plugins.js,"['onload', '_loadScope', '_callMethod', '_getReasonName', '_unloadScope', 'setDefaultPrefs', 'clearDefaultPrefs', 'registerLocales', 'unregisterLocales', 'readDirectory', 'getVersionChangeReason', 'getBlockedPlugins', 'shouldBlockPlugin', 'setPluginBlocked']",[]
666,Javascript,chrome/content/zotero/xpcom,preferencePanes.js,[],[]
667,Javascript,chrome/content/zotero/xpcom,prefs.js,"['get', 'set', 'register', 'unregister', 'observe']",[]
668,Javascript,chrome/content/zotero/xpcom,profile.js,[],[]
669,Javascript,chrome/content/zotero/xpcom,progressQueue.js,[],[]
670,Javascript,chrome/content/zotero/xpcom,progressQueueDialog.js,"['_onWindowLoaded', '_updateProgress']",[]
671,Javascript,chrome/content/zotero/xpcom,progressWindow.js,"['add', 'tile', 'remove', '_onWindowLoaded', '_move', '_timeout', '_disableTimeout', '_onMouseOver', '_onMouseOut', '_onMouseUp', '_deferUntilWindowLoad']",[]
672,Javascript,chrome/content/zotero/xpcom,prompt.js,[],[]
673,Javascript,chrome/content/zotero/xpcom,proxy.js,[],[]
674,Javascript,chrome/content/zotero/xpcom,quickCopy.js,"['sort', '_loadNoteOutputFormat', '_preloadFormat']",[]
675,Javascript,chrome/content/zotero/xpcom,reader.js,"['getKOReaderInput', 'getCalibreInput', 'selectFile', 'handleKeyDown', 'appendItems']",[]
676,Javascript,chrome/content/zotero/xpcom,recognizeDocument.js,"['_processQueue', '_processItem', 'extractPDFJSON', '_promiseTranslate', '_query', '_recognize', '_recognizePDF', '_recognizeEPUB', '_translateEPUBMetadata', '_getFirstSectionDocuments', '_getDOIsFromDocument', '_getISBNFromDocument', '_getBaseURL']",[]
677,Javascript,chrome/content/zotero/xpcom,report.js,"['_getCSSDataURI', '_generateMetadataTable', '_generateTagsList', '_generateAttachmentsList', 'getNoteHTML', 'escapeXML']",[]
678,Javascript,chrome/content/zotero/xpcom,retractions.js,[],[]
679,Javascript,chrome/content/zotero/xpcom,router.js,[],[]
680,Javascript,chrome/content/zotero/xpcom,schema.js,"['listener', '_readGlobalSchemaFromFile', '_readGlobalSchemaFromDB', '_globalSchemaVersionCompare', '_updateGlobalSchema', '_loadGlobalSchema', '_reloadSchema', '_updateCustomTables', '_updateBundledFilesAtLocation', 'fix', '_getSchemaSQLVersion', '_getSchemaSQL', '_getDropCommands', '_initializeSchema', '_updateDBVersion', '_updateSchema', '_updateCompatibility', '_checkClientVersion', '_getLastClientVersion', '_updateLastClientVersion', '_handleRepositoryResponse', '_showRepositoryMessage', '_checkRepositoryPrefs', '_setRepositoryTimer', '_translatorXMLToFile', '_styleXMLToFile', '_migrateUserDataSchema', 'resolveLibrary', 'resolveGroup', '_migrateUserData_80_filePaths', '_migrateUserData_80_relations', 'resolveLibrary', 'resolvePredicate', '_fixSciteValues']",[]
681,Javascript,chrome/content/zotero/xpcom,server.js,"['_registerOnlineObserver', 'onSocketAccepted', 'onStopListening']",[]
682,Javascript,chrome/content/zotero/xpcom,server_integration.js,[],[]
683,Javascript,chrome/content/zotero/xpcom,session.js,[],[]
684,Javascript,chrome/content/zotero/xpcom,singlefile.js,[],[]
685,Javascript,chrome/content/zotero/xpcom,standalone.js,['AMOStreamListener'],[]
686,Javascript,chrome/content/zotero/xpcom,storage.js,['error'],[]
687,Javascript,chrome/content/zotero/xpcom/storage,storageEngine.js,[],[]
688,Javascript,chrome/content/zotero/xpcom/storage,storageLocal.js,[],[]
689,Javascript,chrome/content/zotero/xpcom/storage,storageRequest.js,[],[]
690,Javascript,chrome/content/zotero/xpcom/storage,storageResult.js,[],[]
691,Javascript,chrome/content/zotero/xpcom/storage,storageUtilities.js,[],[]
692,Javascript,chrome/content/zotero/xpcom/storage,webdav.js,['requestObserver'],[]
693,Javascript,chrome/content/zotero/xpcom/storage,zfs.js,[],[]
694,Javascript,chrome/content/zotero/xpcom,streamer.js,[],[]
695,Javascript,chrome/content/zotero/xpcom,style.js,[],[]
696,Javascript,chrome/content/zotero/xpcom,sync.js,"['clear', 'resetClient', '_checkResponse', '_checkServerLock', '_generateAutoChangeAlertMessage', '_generateAutoChangeLogMessage', '_generateCollectionItemMergeAlertMessage', '_generateCollectionItemMergeLogMessage', '_generateTagItemMergeAlertMessage', '_generateTagItemMergeLogMessage', '_xmlize']",[]
697,Javascript,chrome/content/zotero/xpcom/sync,syncAPIClient.js,[],[]
698,Javascript,chrome/content/zotero/xpcom/sync,syncEngine.js,[],[]
699,Javascript,chrome/content/zotero/xpcom/sync,syncEventListeners.js,[],[]
700,Javascript,chrome/content/zotero/xpcom/sync,syncExceptions.js,[],[]
701,Javascript,chrome/content/zotero/xpcom/sync,syncFullTextEngine.js,[],[]
702,Javascript,chrome/content/zotero/xpcom/sync,syncLocal.js,['normalizeHTML'],[]
703,Javascript,chrome/content/zotero/xpcom/sync,syncRunner.js,"['onStart', '_queueSyncOptions', 'buttonCallback', 'addEventHandlers', '_addTooltipMessage', '_updateSyncStatusLabel', '_stopCheck', '_cancellerReceiver']",[]
704,Javascript,chrome/content/zotero/xpcom/sync,syncUtilities.js,[],[]
705,Javascript,chrome/content/zotero/xpcom,syncedSettings.js,[],[]
706,Javascript,chrome/content/zotero/xpcom,timeline.js,[],[]
708,Javascript,chrome/content/zotero/xpcom/translation,translate_firefox.js,"['isWrappable', 'isWrapper', 'unwrapIfWrapped', 'wrapIfUnwrapped', 'isObjectOrArray', 'waiveXraysIfAppropriate', 'doApply', 'wrapPrivileged', 'unwrapPrivileged', 'ExposedPropsWaiverHandler', 'SpecialPowersHandler', 'wrapIfExists', 'flt']",[]
709,Javascript,chrome/content/zotero/xpcom/translation,translate_item.js,[],[]
710,Javascript,chrome/content/zotero/xpcom/translation,translators.js,"['cmp', 'removeFromCaches', 'removeFromDBCache']",[]
711,Javascript,chrome/content/zotero/xpcom,uiProperties.js,[],[]
712,Javascript,chrome/content/zotero/xpcom,uri.js,[],[]
713,Javascript,chrome/content/zotero/xpcom,users.js,[],[]
715,Javascript,chrome/content/zotero/xpcom,utilities_internal.js,"['toHexString', 'toHexString', 'toHexString', 'onOutputStreamReady', 'processNextValue', 'addCompatibilityMappings', 'getKeyAndValue', '_createMenuitem', '_createMenu', 'onOpen', 'hyphenToCamel', 'getAttributes', 'evaluateIdentifier', 'evaluateStatement', 'splitStatement', 'evaluateCondition', 'handler', '_X11BringToForeground', '_X11FindWindow', '_X11GetProperty']",[]
716,Javascript,chrome/content/zotero/xpcom,zotero.js,"['_checkDataDirAccessError', 'getStorageDirectory', 'func', 'innerFunc', 'debug', 'setFontSize', 'flattenArguments', 'getAncestorByTagName', '_showWindowZoteroPaneOverlay', '_hideWindowZoteroPaneOverlay', '_shouldKeepError', '_checkRoot', '_checkExecutableLocation', 'init', 'windowInit', 'getCommand']",[]
717,Javascript,chrome/content/zotero,zotero-autocomplete.js,['ZoteroAutoComplete'],[]
718,Javascript,chrome/content/zotero,zotero.mjs,"['ZoteroContext', 'makeZoteroContext', 'addInitCallback', 'isStandalone', 'getOS', 'isMac', 'isWin', 'isLinux']",[]
719,Javascript,chrome/content/zotero,zoteroPane.js,"['modifierIsNotShift', 'setUpKeyboardNavigation', 'moveFocus', 'cmdOrCtrlOnly', 'clearCollectionSearch', 'focusCollectionTree', 'addFocusHandlers', '_loadPane', 'destroy', 'isFullScreen', 'captureKeyDown', 'handleKeyDown', 'handleKeyUp', 'handleKeyPress', 'removeTypeChangeHandler', 'isSelected', 'getSelectedCollection', 'getSelectedSavedSearch', 'getSortField', 'getSortDirection', 'openPopup', 'attachmentsWithExtractableAnnotations', 'isAttachmentWithExtractableAnnotations', 'setItemsPaneMessage', 'clearItemsPaneMessage', '_showPageSaveStatus', 'processor', 'launchFile', 'sniffType', 'viewSelectedAttachment', 'split', 'join', 'reportErrors']",[]
2628,Javascript,chrome/skin/default/zotero/timeline,bundle.js,"['fError', 'fDone', 'fError', 'fDone', 'fError', 'fDone', 'fError', 'fDone', 'parseVersionString', 'indexOf', 'clearInDay', 'clearInYear', 'handler2', 'setImg', 'createImg', 'f', 'f', 'createTable', 'incrementDate', 'incrementDate', 'incrementDate', 'incrementDate', 'layoutInstant', 'layoutDuration', 'layoutEvent', 'appendIcon', 'createHighlightDiv', 'createInstantDiv', 'createDurationDiv', 'attachClickEvent', 'createEventDiv']",[]
2629,Javascript,chrome/skin/default/zotero/timeline,timeline-api.js,"['parseURLParameters', 'getHead', 'includeJavascriptFile', 'includeCssFile', 'tryExactLocale', 'tryLocale']",[]
2631,Javascript,chrome/skin/default/zotero/timeline,timelineControls.js,"['initLocaleBundle', 'getString', 'getTimeline', 'getHeight', 'wasChanged', 'doKeyPress', 'getMonthNum', 'createDate', 'getTimelineDate', 'checkDate', 'changeBand', 'createOption', 'getFull', 'createQueryString', 'setupOtherControls', 'getQueryString', 'replaceQueryString', 'centerTimeline', 'setupFilterHighlightControls', 'handler', 'onKeyPress', 'cleanString', 'performFiltering', 'clearAll']",[]
2674,Javascript,defaults/preferences,zotero.js,[],[]
2675,Javascript,,eslint.config.mjs,[],[]
2677,Javascript,js-build,babel-worker.js,"['babelWorker', 'postError']",[]
2678,Javascript,js-build,browserify.js,['getBrowserify'],[]
2679,Javascript,js-build,build.js,[],[]
2680,Javascript,js-build,clean.js,['getClean'],[]
2681,Javascript,js-build,config.js,[],[]
2682,Javascript,js-build,copy.js,['getCopy'],[]
2683,Javascript,js-build,ftl-to-json.mjs,['getJSON'],"['ftlToJSON', 'fs', 'dirname', 'join', 'fileURLToPath', 'ftlFileBaseNames', 'onError', 'onProgress', 'onSuccess']"
2684,Javascript,js-build,js.js,['getJS'],[]
2685,Javascript,js-build,localize-ftl.mjs,"['getLocaleDir', 'getFTL']","['ftlToJSON', 'JSONToFtl', 'fs', 'dirname', 'join', 'fileURLToPath', 'ftlFileBaseNames', 'onError', 'onProgress', 'onSuccess']"
2686,Javascript,js-build,note-editor.js,['getZoteroNoteEditor'],[]
2687,Javascript,js-build,pdf-reader.js,['getPDFReader'],[]
2688,Javascript,js-build,pdf-worker.js,['getPDFWorker'],[]
2689,Javascript,js-build,sass.js,['getSass'],[]
2690,Javascript,js-build,symlinks.js,['getSymlinks'],[]
2691,Javascript,js-build,utils.js,"['onError', 'onSuccess', 'onProgress', 'getSignatures', 'writeSignatures', 'recursivelyRemoveEmptyDirsUp', 'cleanUp', 'getFileSignature', 'compareSignatures', 'getPathRelativeTo', 'formatDirsForMatcher', 'comparePaths', 'debounce', 'envCheckTrue']",[]
2692,Javascript,js-build,watch.js,"['addOmniFiles', 'processFile', 'processFiles', 'batchProcessFiles', 'getWatch']",[]
2700,Javascript,resource,bluebird.js,[],[]
2701,Javascript,resource,concurrentCaller.js,"['ConcurrentCaller', 'runFunc']",[]
2702,Javascript,resource,config.js,[],[]
2703,Javascript,resource,csl-validator.js,"['loadPackage', 'runWithFS', 'quit_', 'locateFile', 'logExceptionOnExit', 'setTempRet0', 'c', 'l', 'p', 'v', 'x', 'z', 'A', 'B', 'ma', 'Rb', 'Ld', 'Ag', 'Sg', 'Qb', 'ji', 'ub', 'Ed', 'Cb', 'sh', 'Bg', 'Tg', 'zd', 'ke', 'hf', 'Hd', '_b', 'th', 'Ea', 'fb', 'ed', 'Rh', 'Ud', 'Zd', 'Xc', 'Wa', 'Mc', 'Aa', 'qe', 'Ad', 'se', 'Je', 'qg', 'Jg', 'jc', 'kc', 'je', 'de', 'Hc', 'Nd', 'zg', 'Rg', 'vc', 'Td', 'ab', 'Yd', 'Rc', 'ff', 'nd', 'Ee', 'cb', 'Lc', 'ih', 'ec', 'he', 'af', 'ug', 'Ng', 'mc', 'Ub', 'fe', 'hb', 'Ia', 'Jc', 'Nc', 'yg', 'Qg', 'He', 'Kc', 'Da', 'ra', 'Md', 'lb', 'qh', 'nb', 'oc', 'jd', 'Qc', 'Fh', 'nc', '$b', 'Le', 'Pa', 'Ja', 'Xd', 'Sd', 'wc', 'Gb', 'Vd', '$d', 'mb', 'kb', 'yd', 'ce', 'lg', 'Eg', 'Xa', 'Wc', 'qa', 'Sb', 'pe', 'li', 'Tb', 'wa', 'hh', 'Ha', 'ph', 'ac', 'Ya', 'dd', 'we', 'dc', 'pg', 'tb', 'lc', 'hd', 'Ig', 'ib', 'wg', 'Pg', 'Dd', 'Ga', 'vg', 'Og', 'wb', 'Lh', 'Fd', 'Od', 'gd', 'pd', 'kf', 'Ob', 'db', 'Ca', 'ee', 'Df', 'be', 'qd', 'id', 'sg', 'Lg', 'me', 'ah', 'oe', 'og', 'Hg', 'Kf', 'yb', 'pb', 'mh', 'oh', 'nh', 've', 'Rd', 'uf', 'qc', 'cd', 'Ab', 'bh', 'le', 'Wh', 'Oc', 'ie', 'Fe', 'te', '$e', 'Se', 're', 'ne', 'Gg', 'jb', 'ng', 'Fb', 'Ib', 'vh', 'Ah', 'Fa', 'Ra', 'Cd', 'yc', 'cc', 'Na', 'gh', 'Ke', 'ld', 'Bf', 'mg', 'Fg', 'vf', 'xb', 'zc', 'fh', 'Cc', 'Eh', '_c', 'rc', 'Pc', 'gb', 'eh', 'Pe', 'Pb', 'Vg', 'jg', 'Sf', 'xe', 'dh', 'La', 'eg', 'Gh', 'Vc', 'Uf', 'Qf', 'ig', 'md', '$c', 'sf', 'Ic', 'Oe', 'Xh', 'kg', 'Zc', 'ei', 'Yc', 'Rf', 'rb', 'Nh', 'If', 'Dg', 'Qh', 'sc', 'Ze', 'Xe', 'Ff', 'ud', 'vd', 'sd', 'fc', 'bb', 'uc', 'tc', 'fg', 'Dc', 'kd', 'tf', 'Za', 'Ue', 'Wb', '_e', 'ua', 'Ye', 'xa', 'Yh', 'Tf', 'Kh', 'ad', 'va', 'Ba', 'nf', 'Jb', 'Xb', 'Ug', 'fi', 'Lb', 'Qa', 'qf', 'dg', 'ag', 'Xf', 'ch', 'xf', 'wf', 'Id', 'Jf', 'Cf', 'Uh', 'Nf', 'rf', '_f', '$f', 'Hf', 'hg', 'Jh', 'Cg', 'yf', 'Wf', 'Gf', 'Af', 'Zf', 'Yf', 'Ef', 'Gd', 'zf', 'of', 'Pf', 'Of', 'Mf', 'Lf', 'ki', 'cg', 'bg', 'De', 'pa', 'pf', 'fd', 'Oa', 'tg', 'Mg', 'rg', 'Kg', '_a', 'Oh', 'ue', 'lh', 'kh', 'Ie', 'Jd', 'Bc', 'hc', 'Va', 'Zb', 'rd', 'Ge', 'Bb', 'td', 'Sh', 'jf', 'Sa', 'ya', '_g', 'Xg', 'sa', 'Ec', 'Ih', 'Hh', 'zh', 'ge', 'Wd', 'Yg', '$g', 'ic', '_h', 'jh', '$a', 'wh', 'Ne', 'Nb', 'Fc', 'Bh', 'za', 'gc', 'Me', 'Ce', 'Bd', 'gf', 'Wg', 'Pd', 'sb', 'Vf', 'Vh', 'bd', 'ob', 'Ac', 'bf', 'uh', 'mi', 'eb', 'ta', 'ci', 'Qe', 'xc', 'vb', 'Ua', 'Ma', 'Qd', 'ai', 'Ve', '$h', 'yh', 'xh', 'Dh', 'Ch', 'Hb', 'bc', 'Te', 'Ph', 'Db', 'gg', 'Be', 'di', 'pc', 'gi', 'Uc', 'Zh', 'Th', 'wd', 'ii', 'hi', 'Kb', 'zb', 'cf', 'bi', 'We', 'rh', 'xg', 'lf', 'Vb', 'Ta', 'Mh', 'Mb', 'Gc', 'Re', 'Zg', 'Tc', 'ze', 'ye', 'Ae', 'od', 'Sc', 'Yb', 'Ka', 'Eb', 'qb', 'ae', '_d', 'xd', 'mf', 'Kd', 'ef', 'df', 'la', 'assert', 'UTF8ArrayToString', 'UTF8ToString', 'stringToUTF8Array', 'stringToUTF8', 'lengthBytesUTF8', 'allocateUTF8OnStack', 'updateGlobalBufferAndViews', 'keepRuntimeAlive', 'preRun', 'initRuntime', 'preMain', 'exitRuntime', 'postRun', 'addOnPreRun', 'addOnInit', 'addOnPostRun', 'getUniqueRunDependency', 'addRunDependency', 'removeRunDependency', 'abort', 'isDataURI', 'isFileURI', 'getBinary', 'getBinaryPromise', 'createWasm', 'receiveInstance', 'receiveInstantiationResult', 'instantiateArrayBuffer', 'instantiateAsync', 'callRuntimeCallbacks', 'withStackSave', 'demangle', 'demangleAll', 'getWasmTableEntry', 'handleException', 'jsStackTrace', 'setWasmTableEntry', 'stackTrace', '___assert_fail', 'getRandomDevice', 'trim', 'zeroMemory', 'alignMemory', 'mmapAlloc', 'asyncLoad', 'doCallback', 'done', 'LazyUint8Array', 'doXHR', 'processData', 'finish', 'finish', 'finish', '___syscall_open', '_emscripten_memcpy_big', '_emscripten_get_heap_max', 'abortOnCannotGrowMemory', '_emscripten_resize_heap', '_exit', '_fd_close', '_fd_read', '_fd_seek', '_fd_write', '_setTempRet0', '_time', 'FSNode', 'intArrayFromString', 'intArrayToString', 'intArrayFromBase64', 'tryParseAsDataURI', 'ExitStatus', 'callMain', 'run', 'doRun', 'exit', 'procExit', 'validate']",[]
2704,Javascript,resource,diff.js,"['diff_main', 'diff_compute_', 'diff_bisect_', 'diff_bisectSplit_', 'diff_commonPrefix', 'diff_commonSuffix', 'diff_halfMatch_', 'diff_halfMatchI_', 'diff_cleanupMerge', 'is_surrogate_pair_start', 'is_surrogate_pair_end', 'starts_with_pair_end', 'ends_with_pair_start', 'remove_empty_tuples', 'make_edit_splice', 'find_cursor_edit_diff', 'diff']",[]
2705,Javascript,resource/feeds,FeedProcessor.js,"['LOG', 'strToURI', 'isArray', 'isObject', 'isFunction', 'stripTags', 'findAtomLinks', 'xmlEscape', 'makePropGetter', 'FeedResult', 'Feed', 'Entry', 'TextConstruct', 'Generator', 'Person', 'fieldsToObj', 'atomGenerator', 'atomLogo', 'rssCatTerm', 'rssGuid', 'rssAuthor', 'XHTMLHandler', 'ExtensionHandler', 'ElementInfo', 'FeedElementInfo', 'WrapperElementInfo', 'FeedProcessor']",[]
2706,Javascript,resource/feeds,SAXXMLReader.js,[],[]
2720,Javascript,resource,polyfill.js,[],[]
2723,Javascript,resource,require.js,['getZotero'],[]
2738,Javascript,resource/tinymce/langs,ar.js,[],[]
2739,Javascript,resource/tinymce/langs,bg_BG.js,[],[]
2740,Javascript,resource/tinymce/langs,ca.js,[],[]
2741,Javascript,resource/tinymce/langs,cs_CZ.js,[],[]
2742,Javascript,resource/tinymce/langs,da.js,[],[]
2743,Javascript,resource/tinymce/langs,de.js,[],[]
2744,Javascript,resource/tinymce/langs,el.js,[],[]
2745,Javascript,resource/tinymce/langs,es.js,[],[]
2746,Javascript,resource/tinymce/langs,et.js,[],[]
2747,Javascript,resource/tinymce/langs,eu.js,[],[]
2748,Javascript,resource/tinymce/langs,fa_IR.js,[],[]
2749,Javascript,resource/tinymce/langs,fi.js,[],[]
2750,Javascript,resource/tinymce/langs,fr_FR.js,[],[]
2751,Javascript,resource/tinymce/langs,gl.js,[],[]
2752,Javascript,resource/tinymce/langs,he_IL.js,[],[]
2753,Javascript,resource/tinymce/langs,hr.js,[],[]
2754,Javascript,resource/tinymce/langs,hu_HU.js,[],[]
2755,Javascript,resource/tinymce/langs,id.js,[],[]
2756,Javascript,resource/tinymce/langs,is_IS.js,[],[]
2757,Javascript,resource/tinymce/langs,it.js,[],[]
2758,Javascript,resource/tinymce/langs,ja.js,[],[]
2759,Javascript,resource/tinymce/langs,km_KH.js,[],[]
2760,Javascript,resource/tinymce/langs,ko_KR.js,[],[]
2761,Javascript,resource/tinymce/langs,lt.js,[],[]
2762,Javascript,resource/tinymce/langs,nb_NO.js,[],[]
2763,Javascript,resource/tinymce/langs,nl.js,[],[]
2764,Javascript,resource/tinymce/langs,pl.js,[],[]
2765,Javascript,resource/tinymce/langs,pt_BR.js,[],[]
2766,Javascript,resource/tinymce/langs,pt_PT.js,[],[]
2767,Javascript,resource/tinymce/langs,ro.js,[],[]
2768,Javascript,resource/tinymce/langs,ru.js,[],[]
2769,Javascript,resource/tinymce/langs,sk.js,[],[]
2770,Javascript,resource/tinymce/langs,sl_SI.js,[],[]
2771,Javascript,resource/tinymce/langs,sv_SE.js,[],[]
2772,Javascript,resource/tinymce/langs,th_TH.js,[],[]
2773,Javascript,resource/tinymce/langs,tr_TR.js,[],[]
2774,Javascript,resource/tinymce/langs,uk.js,[],[]
2775,Javascript,resource/tinymce/langs,vi_VN.js,[],[]
2776,Javascript,resource/tinymce/langs,zh_CN.js,[],[]
2777,Javascript,resource/tinymce/langs,zh_TW.js,[],[]
2779,Javascript,resource/tinymce,locale.js,['setLocale'],[]
2782,Javascript,resource/tinymce/plugins/autolink,plugin.min.js,"['m', 'y', 'o', 'k', 'p', 'r', 't']",[]
2783,Javascript,resource/tinymce/plugins/code,plugin.min.js,"['o', 'i', 'c', 'd', 'e', 'u', 'a']",[]
2784,Javascript,resource/tinymce/plugins/contextmenu,plugin.min.js,"['o', 'e', 'i', 'r', 'u', 's', 'a', 'f', 'm', 'c', 'y', 'x']",[]
2785,Javascript,resource/tinymce/plugins/directionality,plugin.min.js,"['e', 'i', 'n', 'o']",[]
2786,Javascript,resource/tinymce/plugins/link,plugin.min.js,"['e', 'o', 'i', 'p', 'a', 'r', 'k', 'y', '_', 'w', 'C', 'O', 'R', 'N', 's', 'f', 'a', 'd', 'm', 'v', 'g', 'h', 'L', 'P', 'E', 'S', 'K', 'q', 'i', 'V', 'z', 'h', 'x', 'H', 'J', '$', 'j', 'G', 'X', 'Q', 'W', 'Y', 'Z', 't', 'tt', 'et', 'nt', 'ot', 'it']",[]
2787,Javascript,resource/tinymce/plugins/lists,plugin.min.js,"['g', 'h', 'y', 'N', 'S', 'C', 'O', 'T', 'D', 'L', 'E', 'w', 'k', 'A', 'R', 'e', 'I', 'e', '_', 'B', 'j', '$', 'e', 'n', 'r', 'W', 'Q', 'Y', 'G', 'J', 'Z', 'ne', 're', 'oe', 'ue', 'ae', 'se', 'fe', 'de', 'le', 'me', 'ge', 've', 'ye', 'Se', 'Ce', 'Oe', 'be', 'r', 'Te', 'De', 'we', 'ke', 'Be', 'Pe', 'Ue', 'Fe', 'je', 'He', 'qe', 'Ve', 'Ge', 'Ze', 'en', 'nn', 'tn', 'rn', 'on', 'an', 'sn', 'cn', 'fn', 'dn', 'ln', 'mn', 'gn', 'pn', 'vn', 'hn', 'yn', 'Nn', 'Sn', 'Cn', 'On', 'bn', 'Ln', 'En', 't', 'wn', 'kn', 'xn', 'Rn', 'In', '_n', 'Bn', 'Mn', 'Un', 'Fn', 'jn', 'Hn', '$n', 'qn', 'Wn', 'zn', 'Kn', 'Vn', 'Xn', 'Qn', 'Yn', 'Gn', 'et', 'nt', 'tt', 'rt', 'ot', 'it', 'ut', 'at', 'st', 'ct', 'ft', 'lt', 'mt', 'gt', 'pt', 'vt', 'ht', 'yt']",[]
2788,Javascript,resource/tinymce/plugins/nonbreaking,plugin.min.js,"['i', 'e', 'a', 't', 'r']",[]
2789,Javascript,resource/tinymce/plugins/paste,plugin.min.js,"['b', 'c', 'd', 'e', 'h', 'a', 'b', 'c', 'c', 'd', 'e', 'c', 'd', 'e', 'f', 'j', 'g', 'f', 'a', 'g', 'h', 'i', 'h', 'j', 'k', 'l', 'm', 'd', 'e', 'f', 'f', 'b', 'g', 'h', 'g', 'h', 'i', 'j', 'b', 'c', 'd', 'f', 'k', 'l', 'm', 'c', 'd', 'e', 'f', 'b', 'c', 'd', 'e', 'f', 'g', 'h', 'i', 'j', 'm', 'n', 'o', 'p', 'q', 'r', 's', 't', 'u', 'v', 'c', 'w', 'x', 'y', 'z', 'A', 'a', 'd', 'c', 'e', 'e', 'f', 'g', 'h', 'd', 'e', 'f', 'g', 'h', 'i', 'j', 'k', 'l', 'e', 'f', 'g', 'h', 'i', 'j', 'h', 'i', 'j']",[]
2790,Javascript,resource/tinymce/plugins/searchreplace,plugin.min.js,"['r', 'n', 'h', 's', 'g', 'm', 'o', 'f', 'v', 'x', 'b', 'N', 'y', 'k', 'C', 'n', 'a', 'c', 'l', 'i', 'd', 'c']",[]
2791,Javascript,resource/tinymce/plugins/textcolor,plugin.min.js,"['n', 'g', 'r', 'e', 'o', 'l', 'c', 'u', 'm', 's', 'd', 'f', 'b', 'p', 'C', 'v', 'P', 'f', 'k', 'x', 'T', 'l', '_', 'A']",[]
2800,Javascript,resource/tinymce/themes/modern,theme.min.js,"['d', 'c', 'f', 'm', 'g', 'p', 's', 'x', 'R', 'a', 'C', 'k', 'H', 'N', 'W', 'e', 't', 'i', 'O', 'B', 'n', 'z', 'F', 'U', 'V', 'Y', 'o', 'n', 'r', 't', 's', 'a', '$', 'J', 'G', 'K', 'Z', 'Q', 'ee', 'ie', 're', 'oe', 'se', 'le', 'ue', 'de', 'he', 'me', 'ge', 'pe', 've', 't', 'ye', 'xe', 'Ce', 'Ee', 'ke', 'He', 'Se', 'i', 'Pe', 'We', 't', 'De', 'Oe', 's', 'r', 'a', 'c', 'qe', 'e', 'je', 'r', 'rt', 'ot', 'o', 's', 'u', 'c', 'at', 'lt', 'i', 's', 'a', 'l', 'u', 'c', 'd', 'f', 'h', 'm', 'g', 'p', 'v', 'b', 'y', 't', 'dt', 'ft', 'n', 't', 'e', '_t', 'Rt', 'Ct', 't', 'Et', 'Ht', 'St', 'r', 'o', 'u', 'c', 'Tt', 'n', 'Mt', 'Nt', 'n', 'i', 'n', 'Ot', 'Bt', 's', 'It', 'Ft', 'n', 'Xt', 's', 't', 'n', 'u', 'c', 'e', 't', 'e', 'a', 'e', 'pn', 'i', 'wn', '_n', 'En', 'kn', 'Pn', 'Wn', 'On', 'An', 'Bn', 'Ln', 'In', 'Yn', 'jn', 'Gn', 'Qn', 'ei', 'ti', 'ni', 'ii', 'ri', 'oi', 'si', 'ai', 'li', 'ui', 'ci', 'fi', 'hi', 'mi', 'gi', 'd', 'f', 'pi', 'vi', 'bi', 'Ri', 'Ci', 'Ei', 'i', 'ki', 'Hi', 'Si', 'Ti', 'Mi', 'Ni', 'Pi', 'Wi', 'Di', 'Oi', 'Ai', 'Bi', 'Li', 'zi', 'Ii', 'Fi', 'Ui', 'Vi', 'Yi', '$i', 'qi', 'Xi', 'ji', 't', 'Ji', 'Gi', 'i', 'c', 'd', 'f', 'cr', 'fr', 'hr', 'mr', 't', 'wr', '_r']",[]
2801,Javascript,resource/tinymce,tinymce.min.js,"['o', 'j', 'q', '$', 'd', 'y', 'E', 'k', 'e', 't', 'r', 'T', 'M', 'W', 'F', 'K', 'z', 'U', 'V', 'X', 'Y', 'J', 'Q', 'ee', 'te', 'ne', 'ie', 'ue', 'fe', 'r', 'i', 'a', 'o', 'u', 's', 'c', 'l', 'u', 'pe', 'he', 've', 'xe', 'we', 'Ne', 'Ee', 'Se', 'ke', 'i', 'a', 'u', 's', 'Te', 'C', 'd', 'Ze', 'kt', 'Tt', 'At', 'Rt', '_t', 'Dt', 'Bt', 'Ot', 'Pt', 'Lt', 'It', 'Mt', 'Ft', 'zt', 'Ut', 'Vt', 'jt', 'qt', 'Kt', 'Xt', 'Yt', 'rn', 'on', 'an', 'un', 'sn', 'cn', 'hn', 'bn', 'yn', 'Cn', 'xn', 't', 'a', 'wn', 'Nn', 'En', 'o', 'Sn', 'Rn', 'r', '_n', 'Dn', 'Pn', 'Ln', 'Vn', 'Hn', 'qn', '$n', 'Wn', 'Kn', 'Xn', 'Yn', 'Jn', 'tr', 'rr', 'cr', 'gr', 'pr', 'hr', 'vr', 'br', 'yr', 'Cr', 'xr', 'wr', 'Nr', 'Er', 'Sr', 'kr', 'r', 'Tr', 'Ar', 'Rr', 'Br', 'Or', 'Pr', 'Ir', 'Mr', 'Fr', 'zr', 'Ur', 'Vr', 'Hr', 'jr', 'qr', '$r', 'Kr', 'Yr', 'r', 'o', 'i', 'a', 'Jr', 'e', 'n', 'Zr', 'eo', 'to', 'no', 'oo', 'n', 'so', 'fo', 'mo', 'xo', 'No', 'Eo', 'Oo', 'Po', 'Ho', 'jo', 'qo', '$o', 'ei', 'ti', 'a', 'a', 'c', 'ni', 'ri', 'v', 'S', 'b', 'y', 'C', 'x', 'w', 'oi', 'o', 'ii', 'd', 'm', 'g', 'p', 'h', 'v', 'b', 's', 'di', 'mi', 'gi', 'pi', 'b', 'n', 'u', 's', 'c', 'l', 'f', 't', 'o', 'p', 'h', 'v', 'b', 'y', 'C', 'x', 'w', 'N', 'E', 'S', 'k', 'T', 'A', 'R', '_', 'D', 'P', 'L', 'I', 'M', 'F', 'z', 'U', 'Ci', 'xi', 'c', 'Ei', 's', 'c', 'l', 'f', 'Si', 'ki', 'Ti', 'Ai', 'Ri', '_i', 'Di', 'Bi', 'Oi', 'Pi', 'n', 'Li', 'Ii', 'Mi', 'Fi', 'zi', 'Ui', 'Vi', 'Hi', 'ji', 'qi', 'Wi', 'Ki', 'Xi', 'Yi', 'Gi', 'ea', 's', 'ta', 'na', 'c', 'u', 'ra', 'ia', 'aa', 'ua', 'sa', 'la', 'da', 'pa', 'ha', 'va', 'ba', 'ya', 'Ca', 'xa', 'wa', 'Na', 'Ea', 'Oa', 'Pa', 'La', 'Ma', 'Fa', 'za', 'Ua', 'Va', 'Ha', 'ja', '$a', 'Wa', 'Xa', 'Ya', 'au', 'uu', 'su', 'cu', 'lu', 'fu', 'du', 'mu', 'o', 'i', 'gu', 'r', 'xu', 'wu', 'Nu', 'Eu', 'Su', 'ku', 'Tu', 'Au', '_u', 'Du', 'Bu', 'Ou', 'Pu', 'Lu', 'Iu', 'Mu', 'Uu', 'Vu', 'qu', '$u', 'Wu', 'Ku', 'Xu', 'Yu', 'Gu', 'es', 'ts', 'l', 'f', 'ns', 'rs', 'ls', 'fs', 'ds', 'ms', 'gs', 'ps', 'hs', 'vs', 'bs', 'xs', 'ws', 'Ns', 'Es', 'Ss', 'ks', 'Ms', 'zs', 'Us', 'Vs', 'Hs', 'js', 'qs', '$s', 'Ws', 'Ks', 'Xs', 'Ys', 'Gs', 'ec', 'tc', 'nc', 'rc', 'oc', 'ic', 'ac', 'uc', 'sc', 'cc', 'lc', 'fc', 'dc', 'bc', 'yc', 'Cc', 'xc', 'wc', 'Nc', 'Ec', 'Sc', 'Tc', 'v', 'b', 'y', 'C', 'Rc', '_c', 'Dc', 'Bc', 'c', 'l', 'o', 'Oc', 'Pc', 'Lc', 'Ic', 'Mc', 'Fc', 'zc', 'Uc', 'Vc', 'Hc', 'T', 'jc', '$c', 'n', 'r', 'Wc', 'Kc', 'Xc', 'Gc', 'Jc', 'm', 'Zc', 'el', 'nl', 'rl', 'o', 'ol', 'cl', 'll', 'fl', 'dl', 'ml', 'gl', 'hl', 'bl', 'Cl', 'xl', 'wl', 'Nl', 'El', 'Al', 'Dl', 'Bl', 'Ol', 'Pl', 'Ll', 'Ml', 'Fl', 'zl', 'Ul', 'Vl', 'Hl', 'jl', 'ql', '$l', 'Wl', 'Kl', 'Xl', 'Yl', 'Gl', 'Jl', 'Ql', 'Zl', 'ef', 'tf', 'af', 'uf', 'sf', 'ff', 'df', 'pf', 'yf', 'Cf', 'xf', 'wf', 'Nf', 'Ef', 'Sf', 'kf', 'Tf', 'Af', 'Rf', '_f', 'Df', 'Bf', 'Of', 'Pf', 'Lf', 'If', 'Mf', 'Ff', 'zf', 'Vf', 'Hf', 'jf', 'qf', 'Kf', 'Xf', 'Yf', 'Gf', 'Qf', 'Zf', 'ed', 'td', 'nd', 'rd', 'od', 'id', 'ad', 'ud', 'sd', 'cd', 'ld', 'fd', 'dd', 'md', 'vd', 'bd', 'yd', 'Cd', 'xd', 'wd', 'Nd', 'Ed', 'Sd', 'Td', 'Ad', 'Rd', '_d', 'Pd', 'Ld', 'Id', 'Md', 'Fd', 'zd', 'Ud', 'Vd', 'Hd', 'jd', 'qd', '$d', 'Kd', 'Xd', 'Yd', 'Gd', 'Jd', 'Zd', 'em', 'tm', 'nm', 'rm', 'om', 'im', 'am', 'um', 'sm', 'cm', 'fm', 'dm', 'mm', 'gm', 'pm', 'vm', 'bm', 'xm', 'wm', 'Nm', 'Em', 'Sm', 'km', 'Tm', 'Am', 'Rm', '_m', 'Dm', 'Bm', 'Om', 'Pm', 'Mm', 'Fm', 'zm', 'Um', 'Vm', 'Hm', 'jm', 'qm', '$m', 'Wm', 'Km', 'Xm', 'Ym', 'Gm', 'Jm', 'Qm', 'Zm', 'eg', 'tg', 'ng', 'rg', 'og', 'ig', 'ag', 'ug', 'sg', 'cg', 'lg', 'fg', 'dg', 'mg', 'gg', 'pg', 'hg', 'vg', 'n', 'bg', 'Cg', 'xg', 'wg', 'Ng', 'Eg', 'Sg', 'kg', 'Tg', 'Ag', 'Rg', '_g', 'Dg', 'Bg', 'Og', 'Pg', 'Lg', 'Ig', 'Mg', 'Fg', 'zg', 'Ug', 'jg', 'qg', '$g', 'Wg', 'Kg', 'Xg', 'Yg', 'Gg', 'Jg', 'Qg', 'Zg', 'ep', 'tp', 'rp', 'op', 'ip', 'lp', 'r', 'e', 'u', 'l', 'f', 'd', 'm', 'g', 'p', 'dp', 'f', 'd', 'r', 'm', 'gp', 'hp', 'vp', 'bp', 'yp', 'Cp', 'xp', 'wp', 'Np', 'Ep', 'Sp', 'kp', 'Ap', 'Rp', '_p', 'Mp', 'u', 's', 'o', 'c', 'Fp', 'zp', 'Up', 'Vp', 'Hp', 'jp', 'qp', '$p', 'Wp', 'Xp', 'Yp', 'eh', 'th', 'nh', 'i', 'a', 'u', 'r', 'rh', 'i', 'a', 'u', 's', 'e', 'n', 'r', 'o', 'sh', 'ch', 'lh', 'fh', 'ph', 'hh', 'n', 'c', 'l', 'f', 'o', 'r', 'vh', 'bh', 'yh', 'Ch', 'n', 'xh', 'Eh', 'Sh', 'kh', 'Rh', 'm', 'g', 'p', 'h', 'v', 'b', 'y', 'C', 'x', 'w', 'N', '_h', 'Dh', 'Bh', 'Oh', 'Ph', 'Lh', 'Ih', 'Mh', 'Fh', 'zh', 'Uh', 'jh', 'qh', 'Kh', 'Xh', 'Yh', 'Gh', 'Jh', 'Qh', 'Zh', 'e', 'ev', 'r', 'rv', 'ov', 'uv', 'sv', 'cv', 'lv', 'fv', 'dv', 'mv', 'gv', 'bv', 'yv', 'u', 's', 'v', 'b', 'n', 'y', 'c', 'l', 'C', 'i', 'Cv', 'xv', 'wv', 'e', 'I', 'M', 'Ev', 'Rv', 'c', 'b', 'l', '_v', 'Dv', 'Bv', 'Ov', 'Lv', 'Iv', 'Mv', 'Fv', 'zv', 'Uv', 'Vv', 'Hv', 'f', 'i', 'd', 'a', 'n', 'Xv', 'Qv', 'Zv', 'eb', 'tb', 'nb', 'rb', 'ib', 'i', 'g', 'p', 'o', 'ub', 'sb', 'cb', 'lb', 'fb', 'db', 'mb', 'gb', 'pb', 'hb', 'vb', 'bb', 'yb', 'Cb', 'wb', 'y', 'C', 'a', 'u', 't', 'a', 'Sb', 'Rb', 'g', 'p', '_b', 'Db', 'Bb', 'c', 'Ob', 'Pb', 'Lb', 'a', 'r', 'Vb', 'Hb', 'Wb', 'a', 'Xb', 'Yb', 'Gb', 'Jb', 'Qb', 'Zb', 'oy', 'B', 'N', 'E', 'r', 'iy', 'ay', 'uy', 'sy', 'cy', 'ly', 'hy', '_', 'n', 'D', 'B', 'O', 'P', 'e', 'o', 'L', 'I', 'n', 'M', 'F', 'z', 't', 'vy', 'by', 'yy', 'Cy', 'xy', 'wy', 'Ny', 'Ty', 'Ay', 'Ry', '_y', 'Dy', 'By', 'Oy', 'Py', 'Ly', 'Iy', 'My', 'Fy', 'zy', 'Uy', 'Vy', 'Hy', 'jy', 'qy', '$y', 'Ky', 'Xy', 'Yy', 'r', 'o', 'd', 'm', 'o', 'i', 'g', 'Gy', 'Jy', 'Qy', 'Zy', 'eC', 'uC', 'sC', 'm', 'cC', 'lC', 'fC', 'dC', 'mC', 'hC', 'vC', 'bC', 'yC', 'wC', 'NC', 'EC', 'SC', 'kC', 'TC', 'AC', 'RC', '_C', 'DC', 'BC', 'OC', 'PC', 'LC', 'IC', 'MC', 'FC', 'zC', 'UC', 'VC', 'HC', 'qC', '$C', 'WC', 'KC', 'XC', 'YC', 'GC', 'JC', 'QC', 'ZC', 'ex', 'tx', 'nx', 'rx', 'S', 'k', 'T', 'ox', 'ix', 'ax', 'sx', 'cx', 'lx', 'fx', 'dx', 'mx', 'gx', 'px', 'hx', 'vx', 'bx', 'yx', 'Cx', 'xx', 'Ex', 'Sx', 'Ax', 'Rx', '_x', 'Dx', 'Bx', 'Ox', 'Px', 'Lx', 'Ix', 'Mx', 'Fx', 'zx', 'Ux', 'Vx', 'Hx', 'jx', 'qx', '$x', 'Wx', 'Xx', 'Yx', 'Gx', 'Jx', 'h', 'v', 'b', 'y', 'C', 'Qx', 'Zx', 'ew', 'nw', 'rw', 'iw', 'aw', 'sw', 'cw', 'lw', 'fw', 'dw', 'mw', 'pw', 'hw', 'vw', 'r', 'bw', 'Nw', 'Ew', 'Sw', 'kw', 'Tw', 'Aw', 'Rw', 'Dw', 'Bw', 'Ow', 'zw', 'qw', '$w', 'Kw', 'Xw', 'Yw', 'Gw', 'Jw', 'aN', 'uN', 'sN', 'c', 'l', 'f', 'e', 'n', 'fN', 'bN', 'yN', 'SN', 'i', 'a', 'u', 'RN', 'r', 'FN', 't', 'e']",[]
2802,Javascript,resource,word-processor-plugin-installer.js,['ZoteroPluginInstaller'],[]
2973,Javascript,test/components,zotero-unit.js,['ZoteroUnit'],[]
2977,Javascript,test/content,runtests.js,"['quit', 'Reporter', 'indent', 'resetPrefs', 'getTestFilename']",[]
2978,Javascript,test/content,support.js,"['waitForDOMEvent', 'func', 'waitForDOMAttributes', 'handleMutation', 'waitForRecognizer', 'loadWindow', 'loadZoteroWindow', 'loadZoteroPane', 'loadPrefPane', 'waitForWindow', 'loadobserver', 'waitForDialog', 'acceptWhenEnabled', 'select', 'selectLibrary', 'selectCollection', 'selectSearch', 'selectTrash', 'waitForTagSelector', 'waitForCollectionTree', 'waitForItemEvent', 'waitForNotifierEvent', 'pause', 'getWindows', 'waitForCallback', 'delay', 'waitForFrame', 'waitForFrames', 'waitNoLongerThan', 'waitForScrollToPane', 'clickOnItemsRow', 'gunzip', 'createUnsavedDataObject', 'createDataObject', 'getNameProperty', 'modifyDataObject', 'getPromiseError', 'getTestDataDirectory', 'getTestDataUrl', 'resetDB', 'stableStringify', 'loadSampleData', 'generateAllTypesAndFieldsData', 'populateDBWithSampleData', 'buildDummyTranslator', 'importFileAttachment', 'importTextAttachment', 'importHTMLAttachment', 'importPDFAttachment', 'createAnnotation', 'createEmbeddedImage', 'getImageBlob', 'setHTTPResponse', 'startHTTPServer']",[]
2980,Javascript,test/resource,httpd.js,"['NS_ASSERT', 'HttpError', 'array2obj', 'range', 'dumpn', 'dumpStack', 'toDateString', 'toTime', 'toDate1', 'printObj', 'nsHttpServer', 'isFunction', 'ServerIdentity', 'Connection', 'readBytes', 'RequestReader', 'findCRLF', 'LineData', 'createHandlerFunc', 'defaultIndexHandler', 'fileSort', 'toInternalPath', 'maybeAddHeadersInternal', 'maybeAddHeaders', 'maybeAddInformationalResponse', 'ServerHandler', 'writeMore', 'FileMap', 'isCTL', 'Response', 'notImplemented', 'streamClosed', 'wouldBlock', 'WriteThroughCopier', 'htmlEscape', 'nsHttpVersion', 'nsHttpHeaders', 'nsSimpleEnumerator', 'Request', 'server']",[]
2981,Javascript,test/resource,pako_inflate.js,"['s', 'buf2binstring', 'adler32', 'makeTable', 'crc32', 'GZheader', 'zswap32', 'InflateState', 'inflateResetKeep', 'inflateReset', 'inflateReset2', 'inflateInit2', 'inflateInit', 'fixedtables', 'updatewindow', 'inflate', 'inflateEnd', 'inflateGetHeader', 'ZStream', 'Inflate', 'inflate', 'inflateRaw']",[]
2984,Javascript,test/tests,HiddenBrowserTest.js,['testNoDownload'],[]
2985,Javascript,test/tests,RemoteTranslateTest.js,[],[]
2986,Javascript,test/tests,advancedSearchTest.js,[],[]
2987,Javascript,test/tests,annotationsTest.js,['jsonPositionToString'],[]
2988,Javascript,test/tests,attachmentsTest.js,"['makeGetResponseHeader', 'getHTMLPage', 'makeHTMLResponseFromType']",[]
2989,Javascript,test/tests,bibliographyTest.js,[],[]
2990,Javascript,test/tests,browserDownloadTest.js,[],[]
2991,Javascript,test/tests,cachedTypesTest.js,[],[]
2992,Javascript,test/tests,citationDialogTest.js,[],[]
2993,Javascript,test/tests,citeTest.js,[],[]
2994,Javascript,test/tests,citeprocRsBridgeTest.js,"['getCiteprocJSEngine', 'getCiteprocRSEngine', 'createCitationItem', 'createACitation', 'assertProducedCitationsAreEqual']",[]
2995,Javascript,test/tests,collectionTest.js,['f'],[]
2996,Javascript,test/tests,collectionTreeRowTest.js,[],[]
2997,Javascript,test/tests,collectionTreeTest.js,"['getItemModifyPromise', 'acceptItemsWithoutFiles', 'acceptItemsWithFiles', 'keyboardClick']",[]
2998,Javascript,test/tests,collectionsTest.js,[],[]
2999,Javascript,test/tests,concurrentCallerTest.js,"['makeFunc', 'makeFunc', 'makeFunc', 'makeFunc', 'makeFunc']",[]
3000,Javascript,test/tests,creatorsTest.js,[],[]
3002,Javascript,test/tests/data,Test Import Translator.js,[],[]
3003,Javascript,test/tests/data,allTypesAndFields.js,[],[]
3036,Javascript,test/tests/data,itemJSON.js,[],[]
3037,Javascript,test/tests/data,journalArticle.js,[],[]
3079,Javascript,test/tests/data,translatorExport.js,[],[]
3080,Javascript,test/tests/data,translatorExportLegacy.js,[],[]
3087,Javascript,test/tests,dataDirectoryTest.js,"['disableCommandMode', 'disableFunctionMode', 'resetCommandMode', 'resetFunctionMode', 'add', 'add']",[]
3088,Javascript,test/tests,dataObjectTest.js,['makeObjectURI'],[]
3089,Javascript,test/tests,dataObjectUtilitiesTest.js,[],[]
3090,Javascript,test/tests,dataObjectsTest.js,"['check', 'check', 'title']",[]
3091,Javascript,test/tests,dateTest.js,[],[]
3092,Javascript,test/tests,dbTest.js,[],[]
3093,Javascript,test/tests,debugTest.js,[],[]
3094,Javascript,test/tests,dictionariesTest.js,"['makeFakeDictionary', 'updated', 'updated']",[]
3095,Javascript,test/tests,duplicatesTest.js,['merge'],[]
3096,Javascript,test/tests,feedItemTest.js,[],[]
3097,Javascript,test/tests,feedItemsTest.js,[],[]
3098,Javascript,test/tests,feedReaderTest.js,[],[]
3099,Javascript,test/tests,feedTest.js,[],[]
3100,Javascript,test/tests,feedsTest.js,[],[]
3101,Javascript,test/tests,fileHandlersTest.js,['clearPrefs'],[]
3102,Javascript,test/tests,fileInterfaceTest.js,['getDataForFlavor'],[]
3103,Javascript,test/tests,fileTest.js,['fetchFile'],[]
3104,Javascript,test/tests,folderImportTest.js,['uc'],[]
3105,Javascript,test/tests,fulltextTest.js,[],[]
3106,Javascript,test/tests,groupTest.js,[],[]
3107,Javascript,test/tests,groupsTest.js,[],[]
3108,Javascript,test/tests,httpTest.js,['setResponse'],[]
3109,Javascript,test/tests,hyphenationTest.js,[],[]
3110,Javascript,test/tests,importExportTest.js,['doImport'],[]
3111,Javascript,test/tests,integrationTest.js,"['execCommand', 'initDoc', 'setDefaultIntegrationDocPrefs', 'setAddEditItems', 'insertMultipleCitations']",[]
3112,Javascript,test/tests,intlTest.js,[],[]
3113,Javascript,test/tests,itemFieldsTest.js,[],[]
3114,Javascript,test/tests,itemPaneTest.js,"['waitForPreviewBoxRender', 'waitForPreviewBoxReader', 'isPreviewDisplayed', 'getBoxPreview', 'getAttachmentRow']",[]
3115,Javascript,test/tests,itemTest.js,"['f', 'f', 'f', 'f', 'f', 'f']",[]
3116,Javascript,test/tests,itemTreeTest.js,"['getTitle', 'getTitle', 'getTitle', 'drop']",[]
3117,Javascript,test/tests,itemsTest.js,['getNum'],[]
3118,Javascript,test/tests,librariesTest.js,[],[]
3119,Javascript,test/tests,libraryTest.js,[],[]
3120,Javascript,test/tests,libraryTreeTest.js,[],[]
3121,Javascript,test/tests,lookupTest.js,[],[]
3122,Javascript,test/tests,mendeleyImportTest.js,['getImporter'],[]
3123,Javascript,test/tests,mimeTest.js,['test'],[]
3124,Javascript,test/tests,noteeditorTest.js,[],[]
3125,Javascript,test/tests,notifierTest.js,[],[]
3126,Javascript,test/tests,openurlTest.js,[],[]
3127,Javascript,test/tests,pluginAPITest.js,"['resetCaches', 'initCache', 'getCache', 'updateCache', 'waitForRegister', 'waitForUnregister', 'waitForRegister', 'waitForColumnEnable', 'waitForUnregister', 'getSelectedRowCell']",[]
3128,Javascript,test/tests,preferences_advancedTest.js,[],[]
3129,Javascript,test/tests,preferences_syncTest.js,[],[]
3130,Javascript,test/tests,profileTest.js,[],[]
3131,Javascript,test/tests,protocolHandlerTest.js,"['runHandler', 'waitForItemSelect']",[]
3132,Javascript,test/tests,proxyTest.js,[],[]
3133,Javascript,test/tests,quickCopyTest.js,[],[]
3134,Javascript,test/tests,readerTest.js,"['waitForReader', 'waitForAdds']",[]
3135,Javascript,test/tests,recognizeDocumentTest.js,"['waitForProgressWindow', 'getRecognizedItem']",[]
3136,Javascript,test/tests,relatedboxTest.js,['relateItems'],[]
3137,Javascript,test/tests,relationsTest.js,[],[]
3138,Javascript,test/tests,retractionsTest.js,"['createRetractedItem', 'createRetractedItemWithExtraDOI', 'bannerShown']",[]
3139,Javascript,test/tests,schemaTest.js,"['migrate', 'createResponseWithMessage']",[]
3140,Javascript,test/tests,searchTest.js,['f'],[]
3141,Javascript,test/tests,serverTest.js,"['handler', 'handler', 'handler', 'handler']",[]
3142,Javascript,test/tests,server_connectorIntegrationTest.js,[],[]
3143,Javascript,test/tests,server_connectorTest.js,[],[]
3144,Javascript,test/tests,server_integrationTest.js,[],[]
3145,Javascript,test/tests,server_localAPITest.js,['apiGet'],[]
3146,Javascript,test/tests,storageLocalTest.js,[],[]
3147,Javascript,test/tests,storageRequestTest.js,[],[]
3148,Javascript,test/tests,styleTest.js,[],[]
3149,Javascript,test/tests,supportTest.js,[],[]
3150,Javascript,test/tests,syncAPIClientTest.js,"['setResponse', 'groupJSON']",[]
3151,Javascript,test/tests,syncEngineTest.js,"['setResponse', 'setDefaultResponses', 'makeCollectionJSON', 'makeSearchJSON', 'makeItemJSON']",[]
3152,Javascript,test/tests,syncEventListenersTest.js,[],[]
3153,Javascript,test/tests,syncFullTextEngineTest.js,"['setResponse', 'generateContent']",[]
3154,Javascript,test/tests,syncLocalTest.js,[],[]
3155,Javascript,test/tests,syncRunnerTest.js,"['setResponse', 'setDefaultResponses']",[]
3156,Javascript,test/tests,syncedSettingsTest.js,[],[]
3157,Javascript,test/tests,tabsTest.js,[],[]
3158,Javascript,test/tests,tagSelectorTest.js,"['getColoredTags', 'getColoredTagElements', 'getRegularTags', 'getRegularTagElements']",[]
3159,Javascript,test/tests,tagsTest.js,[],[]
3160,Javascript,test/tests,tagsboxTest.js,[],[]
3161,Javascript,test/tests,translateTest.js,"['saveItemsThroughTranslator', 'itemsArrayToObject', 'checkTestTags', 'getTestSnapshot', 'getTestPDF', 'setupAttachmentEndpoints', 'SnapshotTest', 'PDFTest', 'NonExistentTest', 'setupAsyncEndpoints', 'JSONTest', 'handler', 'childItemDone', 'check']",[]
3162,Javascript,test/tests,translatorsTest.js,['testUpdateCache'],[]
3163,Javascript,test/tests,uriTest.js,[],[]
3164,Javascript,test/tests,utilitiesSubmoduleTest.js,[],[]
3165,Javascript,test/tests,utilities_internalTest.js,"['resolve', 'renderToElement', 'renderToHTML', 'renderToTextViaHTML', 'renderToText']",[]
3166,Javascript,test/tests,webdavTest.js,"['setResponse', 'resetRequestCount', 'assertRequestCount', 'generateLastSyncID', 'parseQueryString']",[]
3167,Javascript,test/tests,zfsTest.js,"['setResponse', 'resetRequestCount', 'assertRequestCount', 'parseQueryString', 'assertAPIKey']",[]
3168,Javascript,test/tests,zoteroPaneTest.js,"['downloadOnDemand', 'createParent']",[]
3169,Javascript,test/tests,zoteroTest.js,[],[]
